MS001,HEART TRANSPLANT OR IMPLANT OF HEART ASSIST SYSTEM W MCC,"$848,040.00"
MS002,HEART TRANSPLANT OR IMPLANT OF HEART ASSIST SYSTEM W/O MCC,"$644,423.00"
MS003,"ECMO OR TRACH W MV >96 HRS OR PDX EXC FACE, MOUTH & NECK W MAJ O.R.","$716,494.00"
MS004,"TRACH W MV >96 HRS OR PDX EXC FACE, MOUTH & NECK W/O MAJ O.R.","$384,793.00"
MS007,LUNG TRANSPLANT,"$531,407.00"
MS011,"TRACHEOSTOMY FOR FACE, MOUTH & NECK DIAGNOSES OR LARYNGECTOMY W MCC","$300,354.00"
MS012,"TRACHEOSTOMY FOR FACE, MOUTH & NECK DIAGNOSES OR LARYNGECTOMY W CC","$291,487.00"
MS014,ALLOGENEIC BONE MARROW TRANSPLANT,"$232,106.00"
MS016,AUTOLOGOUS BONE MARROW TRANSPLANT  W CC/MCC OR T-CELL IMMUNOTHERAPY,"$169,498.00"
MS017,AUTOLOGOUS BONE MARROW TRANSPLANT W/O CC/MCC,"$143,411.00"
MS020,INTRACRANIAL VASCULAR PROCEDURES W PDX HEMORRHAGE W MCC,"$384,555.00"
MS021,INTRACRANIAL VASCULAR PROCEDURES W PDX HEMORRHAGE W CC,"$146,709.00"
MS023,CRANIOTOMY W MAJOR DEVICE IMPLANT OR ACUTE COMPLEX CNS PDX W MCC OR CHEMOTHERAPY IMPLANT OR EPILEPSY W NEUROSTIMULATOR,"$178,710.00"
MS024,CRANIO W MAJOR DEV IMPL/ACUTE COMPLEX CNS PDX W/O MCC,"$115,373.00"
MS025,CRANIOTOMY & ENDOVASCULAR INTRACRANIAL PROCEDURES W MCC,"$155,138.00"
MS026,CRANIOTOMY & ENDOVASCULAR INTRACRANIAL PROCEDURES W CC,"$130,072.00"
MS027,CRANIOTOMY & ENDOVASCULAR INTRACRANIAL PROCEDURES W/O CC/MCC,"$105,817.00"
MS028,SPINAL PROCEDURES W MCC,"$163,636.00"
MS029,SPINAL PROCEDURES W CC OR SPINAL NEUROSTIMULATORS,"$127,833.00"
MS030,SPINAL PROCEDURES W/O CC/MCC,"$72,876.00"
MS031,VENTRICULAR SHUNT PROCEDURES W MCC,"$141,147.00"
MS032,VENTRICULAR SHUNT PROCEDURES W CC,"$74,923.00"
MS033,VENTRICULAR SHUNT PROCEDURES W/O CC/MCC,"$67,317.00"
MS034,CAROTID ARTERY STENT PROCEDURE W MCC,"$197,148.00"
MS035,CAROTID ARTERY STENT PROCEDURE W CC,"$111,860.00"
MS036,CAROTID ARTERY STENT PROCEDURE W/O CC/MCC,"$63,508.00"
MS037,EXTRACRANIAL PROCEDURES W MCC,"$163,017.00"
MS038,EXTRACRANIAL PROCEDURES W CC,"$77,717.00"
MS039,EXTRACRANIAL PROCEDURES W/O CC/MCC,"$62,982.00"
MS040,PERIPH/CRANIAL NERVE & OTHER NERV SYST PROC W MCC,"$138,831.00"
MS041,PERIPH/CRANIAL NERVE & OTHER NERV SYST PROC W CC OR PERIPH NEUROSTIM,"$74,437.00"
MS042,PERIPH/CRANIAL NERVE & OTHER NERV SYST PROC W/O CC/MCC,"$84,855.00"
MS052,SPINAL DISORDERS & INJURIES W CC/MCC,"$53,023.00"
MS054,NERVOUS SYSTEM NEOPLASMS W MCC,"$47,650.00"
MS055,NERVOUS SYSTEM NEOPLASMS W/O MCC,"$40,149.00"
MS056,DEGENERATIVE NERVOUS SYSTEM DISORDERS W MCC,"$51,376.00"
MS057,DEGENERATIVE NERVOUS SYSTEM DISORDERS W/O MCC,"$35,224.00"
MS058,MULTIPLE SCLEROSIS & CEREBELLAR ATAXIA W MCC,"$131,844.00"
MS059,MULTIPLE SCLEROSIS & CEREBELLAR ATAXIA W CC,"$34,463.00"
MS060,MULTIPLE SCLEROSIS & CEREBELLAR ATAXIA W/O CC/MCC,"$41,893.00"
MS061,"ISCHEMIC STROKE, PRECEREBRAL OCCLUSION OR TRANSIENT ISCHEMIA W THROMBOLYTIC AGENT W MCC","$104,390.00"
MS062,"ISCHEMIC STROKE, PRECEREBRAL OCCLUSION OR TRANSIENT ISCHEMIA W THROMBOLYTIC AGENT W CC","$85,999.00"
MS063,"ISCHEMIC STROKE, PRECEREBRAL OCCLUSION OR TRANSIENT ISCHEMIA W THROMBOLYTIC AGENT W/O CC/MCC","$92,595.00"
MS064,INTRACRANIAL HEMORRHAGE OR CEREBRAL INFARCTION W MCC,"$61,234.00"
MS065,INTRACRANIAL HEMORRHAGE OR CEREBRAL INFARCTION W CC OR TPA IN 24 HRS,"$42,439.00"
MS066,INTRACRANIAL HEMORRHAGE OR CEREBRAL INFARCTION W/O CC/MCC,"$34,206.00"
MS067,NONSPECIFIC CVA & PRECEREBRAL OCCLUSION W/O INFARCT W MCC,"$27,929.00"
MS068,NONSPECIFIC CVA & PRECEREBRAL OCCLUSION W/O INFARCT W/O MCC,"$48,016.00"
MS069,TRANSIENT ISCHEMIA W/O THROMBOLYTIC,"$34,839.00"
MS070,NONSPECIFIC CEREBROVASCULAR DISORDERS W MCC,"$61,870.00"
MS071,NONSPECIFIC CEREBROVASCULAR DISORDERS W CC,"$43,150.00"
MS072,NONSPECIFIC CEREBROVASCULAR DISORDERS W/O CC/MCC,"$31,143.00"
MS073,CRANIAL & PERIPHERAL NERVE DISORDERS W MCC,"$62,009.00"
MS074,CRANIAL & PERIPHERAL NERVE DISORDERS W/O MCC,"$30,700.00"
MS075,VIRAL MENINGITIS W CC/MCC,"$48,972.00"
MS077,HYPERTENSIVE ENCEPHALOPATHY W MCC,"$52,860.00"
MS078,HYPERTENSIVE ENCEPHALOPATHY W CC,"$48,366.00"
MS079,HYPERTENSIVE ENCEPHALOPATHY W/O CC/MCC,"$61,954.00"
MS081,NONTRAUMATIC STUPOR & COMA W/O MCC,"$67,234.00"
MS082,"TRAUMATIC STUPOR & COMA, COMA >1 HR W MCC","$62,616.00"
MS083,"TRAUMATIC STUPOR & COMA, COMA >1 HR W CC","$48,692.00"
MS084,"TRAUMATIC STUPOR & COMA, COMA >1 HR W/O CC/MCC","$32,196.00"
MS085,"TRAUMATIC STUPOR & COMA, COMA <1 HR W MCC","$78,331.00"
MS086,"TRAUMATIC STUPOR & COMA, COMA <1 HR W CC","$40,299.00"
MS087,"TRAUMATIC STUPOR & COMA, COMA <1 HR W/O CC/MCC","$36,440.00"
MS091,OTHER DISORDERS OF NERVOUS SYSTEM W MCC,"$66,622.00"
MS092,OTHER DISORDERS OF NERVOUS SYSTEM W CC,"$31,913.00"
MS093,OTHER DISORDERS OF NERVOUS SYSTEM W/O CC/MCC,"$22,662.00"
MS094,BACTERIAL & TUBERCULOUS INFECTIONS OF NERVOUS SYSTEM W MCC,"$96,910.00"
MS095,BACTERIAL & TUBERCULOUS INFECTIONS OF NERVOUS SYSTEM W CC,"$48,677.00"
MS096,BACTERIAL & TUBERCULOUS INFECTIONS OF NERVOUS SYSTEM W/O CC/MCC,"$51,251.00"
MS097,NON-BACTERIAL INFECT OF NERVOUS SYS EXC VIRAL MENINGITIS W MCC,"$104,050.00"
MS098,NON-BACTERIAL INFECT OF NERVOUS SYS EXC VIRAL MENINGITIS W CC,"$46,521.00"
MS099,NON-BACTERIAL INFECT OF NERVOUS SYS EXC VIRAL MENINGITIS W/O CC/MCC,"$22,925.00"
MS100,SEIZURES W MCC,"$61,076.00"
MS101,SEIZURES W/O MCC,"$33,212.00"
MS102,HEADACHES W MCC,"$58,873.00"
MS103,HEADACHES W/O MCC,"$28,578.00"
MS113,ORBITAL PROCEDURES W CC/MCC,"$61,346.00"
MS115,EXTRAOCULAR PROCEDURES EXCEPT ORBIT,"$51,734.00"
MS116,INTRAOCULAR PROCEDURES W CC/MCC,"$85,813.00"
MS121,ACUTE MAJOR EYE INFECTIONS W CC/MCC,"$29,552.00"
MS123,NEUROLOGICAL EYE DISORDERS,"$33,163.00"
MS124,OTHER DISORDERS OF THE EYE W MCC,"$42,465.00"
MS125,OTHER DISORDERS OF THE EYE W/O MCC,"$37,913.00"
MS129,MAJOR HEAD & NECK PROCEDURES W CC/MCC OR MAJOR DEVICE,"$104,177.00"
MS130,MAJOR HEAD & NECK PROCEDURES W/O CC/MCC,"$64,772.00"
MS131,CRANIAL/FACIAL PROCEDURES W CC/MCC,"$150,020.00"
MS132,CRANIAL/FACIAL PROCEDURES W/O CC/MCC,"$84,271.00"
MS133,"OTHER EAR, NOSE, MOUTH & THROAT O.R. PROCEDURES W CC/MCC","$99,544.00"
MS134,"OTHER EAR, NOSE, MOUTH & THROAT O.R. PROCEDURES W/O CC/MCC","$55,772.00"
MS136,SINUS & MASTOID PROCEDURES W/O CC/MCC,"$40,997.00"
MS137,MOUTH PROCEDURES W CC/MCC,"$86,931.00"
MS138,MOUTH PROCEDURES W/O CC/MCC,"$35,318.00"
MS139,SALIVARY GLAND PROCEDURES,"$70,892.00"
MS146,"EAR, NOSE, MOUTH & THROAT MALIGNANCY W MCC","$64,211.00"
MS147,"EAR, NOSE, MOUTH & THROAT MALIGNANCY W CC","$39,610.00"
MS148,"EAR, NOSE, MOUTH & THROAT MALIGNANCY W/O CC/MCC","$22,077.00"
MS149,DYSEQUILIBRIUM,"$38,254.00"
MS150,EPISTAXIS W MCC,"$20,690.00"
MS152,OTITIS MEDIA & URI W MCC,"$44,787.00"
MS153,OTITIS MEDIA & URI W/O MCC,"$23,868.00"
MS154,"OTHER EAR, NOSE, MOUTH & THROAT DIAGNOSES W MCC","$75,599.00"
MS155,"OTHER EAR, NOSE, MOUTH & THROAT DIAGNOSES W CC","$36,194.00"
MS156,"OTHER EAR, NOSE, MOUTH & THROAT DIAGNOSES W/O CC/MCC","$24,779.00"
MS157,DENTAL & ORAL DISEASES W MCC,"$46,000.00"
MS158,DENTAL & ORAL DISEASES W CC,"$37,216.00"
MS159,DENTAL & ORAL DISEASES W/O CC/MCC,"$18,745.00"
MS163,MAJOR CHEST PROCEDURES W MCC,"$191,805.00"
MS164,MAJOR CHEST PROCEDURES W CC,"$98,818.00"
MS165,MAJOR CHEST PROCEDURES W/O CC/MCC,"$72,830.00"
MS166,OTHER RESP SYSTEM O.R. PROCEDURES W MCC,"$163,910.00"
MS167,OTHER RESP SYSTEM O.R. PROCEDURES W CC,"$62,545.00"
MS168,OTHER RESP SYSTEM O.R. PROCEDURES W/O CC/MCC,"$50,013.00"
MS175,PULMONARY EMBOLISM W MCC,"$63,317.00"
MS176,PULMONARY EMBOLISM W/O MCC,"$35,540.00"
MS177,RESPIRATORY INFECTIONS & INFLAMMATIONS W MCC,"$68,592.00"
MS178,RESPIRATORY INFECTIONS & INFLAMMATIONS W CC,"$44,865.00"
MS179,RESPIRATORY INFECTIONS & INFLAMMATIONS W/O CC/MCC,"$51,044.00"
MS180,RESPIRATORY NEOPLASMS W MCC,"$63,238.00"
MS181,RESPIRATORY NEOPLASMS W CC,"$35,169.00"
MS182,RESPIRATORY NEOPLASMS W/O CC/MCC,"$40,163.00"
MS183,MAJOR CHEST TRAUMA W MCC,"$44,019.00"
MS184,MAJOR CHEST TRAUMA W CC,"$29,714.00"
MS185,MAJOR CHEST TRAUMA W/O CC/MCC,"$29,106.00"
MS186,PLEURAL EFFUSION W MCC,"$43,205.00"
MS187,PLEURAL EFFUSION W CC,"$28,261.00"
MS188,PLEURAL EFFUSION W/O CC/MCC,"$32,309.00"
MS189,PULMONARY EDEMA & RESPIRATORY FAILURE,"$58,052.00"
MS190,CHRONIC OBSTRUCTIVE PULMONARY DISEASE W MCC,"$38,016.00"
MS191,CHRONIC OBSTRUCTIVE PULMONARY DISEASE W CC,"$31,698.00"
MS192,CHRONIC OBSTRUCTIVE PULMONARY DISEASE W/O CC/MCC,"$27,772.00"
MS193,SIMPLE PNEUMONIA & PLEURISY W MCC,"$49,349.00"
MS194,SIMPLE PNEUMONIA & PLEURISY W CC,"$29,043.00"
MS195,SIMPLE PNEUMONIA & PLEURISY W/O CC/MCC,"$27,524.00"
MS196,INTERSTITIAL LUNG DISEASE W MCC,"$37,253.00"
MS197,INTERSTITIAL LUNG DISEASE W CC,"$37,791.00"
MS198,INTERSTITIAL LUNG DISEASE W/O CC/MCC,"$28,818.00"
MS199,PNEUMOTHORAX W MCC,"$46,067.00"
MS200,PNEUMOTHORAX W CC,"$28,991.00"
MS201,PNEUMOTHORAX W/O CC/MCC,"$24,193.00"
MS202,BRONCHITIS & ASTHMA W CC/MCC,"$28,924.00"
MS203,BRONCHITIS & ASTHMA W/O CC/MCC,"$25,289.00"
MS204,RESPIRATORY SIGNS & SYMPTOMS,"$19,890.00"
MS205,OTHER RESPIRATORY SYSTEM DIAGNOSES W MCC,"$49,896.00"
MS206,OTHER RESPIRATORY SYSTEM DIAGNOSES W/O MCC,"$29,606.00"
MS207,RESPIRATORY SYSTEM DIAGNOSIS W VENTILATOR SUPPORT >96 HOURS OR PERIPHERAL EXTRACORPOREAL MEMBRANE OXYGENATION (ECMO),"$180,422.00"
MS208,RESPIRATORY SYSTEM DIAGNOSIS W VENTILATOR SUPPORT <=96 HOURS,"$70,283.00"
MS215,OTHER HEART ASSIST SYSTEM IMPLANT,"$287,521.00"
MS216,CARDIAC VALVE & OTH MAJ CARDIOTHORACIC PROC W CARD CATH W MCC,"$387,737.00"
MS217,CARDIAC VALVE & OTH MAJ CARDIOTHORACIC PROC W CARD CATH W CC,"$229,143.00"
MS219,CARDIAC VALVE & OTH MAJ CARDIOTHORACIC PROC W/O CARD CATH W MCC,"$254,728.00"
MS220,CARDIAC VALVE & OTH MAJ CARDIOTHORACIC PROC W/O CARD CATH W CC,"$213,288.00"
MS221,CARDIAC VALVE & OTH MAJ CARDIOTHORACIC PROC W/O CARD CATH W/O CC/MCC,"$166,558.00"
MS222,CARDIAC DEFIB IMPLANT W CARDIAC CATH W AMI/HF/SHOCK W MCC,"$203,169.00"
MS223,CARDIAC DEFIB IMPLANT W CARDIAC CATH W AMI/HF/SHOCK W/O MCC,"$162,118.00"
MS224,CARDIAC DEFIB IMPLANT W CARDIAC CATH W/O AMI/HF/SHOCK W MCC,"$265,650.00"
MS225,CARDIAC DEFIB IMPLANT W CARDIAC CATH W/O AMI/HF/SHOCK W/O MCC,"$147,254.00"
MS226,CARDIAC DEFIBRILLATOR IMPLANT W/O CARDIAC CATH W MCC,"$180,348.00"
MS227,CARDIAC DEFIBRILLATOR IMPLANT W/O CARDIAC CATH W/O MCC,"$124,700.00"
MS228,OTHER CARDIOTHORACIC PROCEDURES W MCC,"$233,926.00"
MS229,OTHER CARDIOTHORACIC PROCEDURES W/O MCC,"$156,220.00"
MS231,CORONARY BYPASS W PTCA W MCC,"$610,969.00"
MS233,CORONARY BYPASS W CARDIAC CATH W MCC,"$276,127.00"
MS234,CORONARY BYPASS W CARDIAC CATH W/O MCC,"$217,461.00"
MS235,CORONARY BYPASS W/O CARDIAC CATH W MCC,"$212,740.00"
MS236,CORONARY BYPASS W/O CARDIAC CATH W/O MCC,"$193,539.00"
MS239,AMPUTATION FOR CIRC SYS DISORDERS EXC UPPER LIMB & TOE W MCC,"$206,667.00"
MS240,AMPUTATION FOR CIRC SYS DISORDERS EXC UPPER LIMB & TOE W CC,"$117,886.00"
MS241,AMPUTATION FOR CIRC SYS DISORDERS EXC UPPER LIMB & TOE W/O CC/MCC,"$130,366.00"
MS242,PERMANENT CARDIAC PACEMAKER IMPLANT W MCC,"$92,113.00"
MS243,PERMANENT CARDIAC PACEMAKER IMPLANT W CC,"$65,238.00"
MS244,PERMANENT CARDIAC PACEMAKER IMPLANT W/O CC/MCC,"$49,754.00"
MS245,AICD GENERATOR PROCEDURES,"$189,210.00"
MS246,PERCUTANEOUS CARDIOVASCULAR PROCEDURES W DRUG-ELUTING STENT W MCC OR 4+ ARTERIES OR STENTS,"$119,070.00"
MS247,PERC CARDIOVASC PROC W DRUG-ELUTING STENT W/O MCC,"$76,508.00"
MS248,PERCUTANEOUS CARDIOVASCULAR PROCEDURES W NON-DRUG-ELUTING STENT W MCC OR 4+ ARTERIES OR STENTS,"$61,393.00"
MS249,PERC CARDIOVASC PROC W NON-DRUG-ELUTING STENT W/O MCC,"$55,934.00"
MS250,PERC CARDIOVASC PROC W/O CORONARY ARTERY STENT W MCC,"$130,401.00"
MS251,PERC CARDIOVASC PROC W/O CORONARY ARTERY STENT W/O MCC,"$94,934.00"
MS252,OTHER VASCULAR PROCEDURES W MCC,"$94,456.00"
MS253,OTHER VASCULAR PROCEDURES W CC,"$103,744.00"
MS254,OTHER VASCULAR PROCEDURES W/O CC/MCC,"$75,521.00"
MS255,UPPER LIMB & TOE AMPUTATION FOR CIRC SYSTEM DISORDERS W MCC,"$116,585.00"
MS256,UPPER LIMB & TOE AMPUTATION FOR CIRC SYSTEM DISORDERS W CC,"$56,765.00"
MS257,UPPER LIMB & TOE AMPUTATION FOR CIRC SYSTEM DISORDERS W/O CC/MCC,"$65,479.00"
MS259,CARDIAC PACEMAKER DEVICE REPLACEMENT W/O MCC,"$47,563.00"
MS260,CARDIAC PACEMAKER REVISION EXCEPT DEVICE REPLACEMENT W MCC,"$107,401.00"
MS261,CARDIAC PACEMAKER REVISION EXCEPT DEVICE REPLACEMENT W CC,"$58,891.00"
MS262,CARDIAC PACEMAKER REVISION EXCEPT DEVICE REPLACEMENT W/O CC/MCC,"$79,720.00"
MS263,VEIN LIGATION & STRIPPING,"$64,069.00"
MS264,OTHER CIRCULATORY SYSTEM O.R. PROCEDURES,"$91,899.00"
MS265,AICD LEAD PROCEDURES,"$179,514.00"
MS266,ENDOVASCULAR CARDIAC VALVE REPLACEMENT W MCC,"$201,801.00"
MS267,ENDOVASCULAR CARDIAC VALVE REPLACEMENT W/O MCC,"$133,212.00"
MS268,AORTIC AND HEART ASSIST PROCEDURES EXCEPT PULSATION BALLOON W MCC,"$229,871.00"
MS269,AORTIC AND HEART ASSIST PROCEDURES EXCEPT PULSATION BALLOON W/O MCC,"$111,231.00"
MS270,OTHER MAJOR CARDIOVASCULAR PROCEDURES W MCC,"$203,973.00"
MS271,OTHER MAJOR CARDIOVASCULAR PROCEDURES W CC,"$141,384.00"
MS272,OTHER MAJOR CARDIOVASCULAR PROCEDURES W/O CC/MCC,"$109,520.00"
MS273,PERCUTANEOUS INTRACARDIAC PROCEDURES W MCC,"$148,556.00"
MS274,PERCUTANEOUS INTRACARDIAC PROCEDURES W/O MCC,"$114,789.00"
MS280,"ACUTE MYOCARDIAL INFARCTION, DISCHARGED ALIVE W MCC","$65,638.00"
MS281,"ACUTE MYOCARDIAL INFARCTION, DISCHARGED ALIVE W CC","$41,020.00"
MS282,"ACUTE MYOCARDIAL INFARCTION, DISCHARGED ALIVE W/O CC/MCC","$43,229.00"
MS283,"ACUTE MYOCARDIAL INFARCTION, EXPIRED W MCC","$73,255.00"
MS284,"ACUTE MYOCARDIAL INFARCTION, EXPIRED W CC","$15,193.00"
MS286,"CIRCULATORY DISORDERS EXCEPT AMI, W CARD CATH W MCC","$101,882.00"
MS287,"CIRCULATORY DISORDERS EXCEPT AMI, W CARD CATH W/O MCC","$61,217.00"
MS288,ACUTE & SUBACUTE ENDOCARDITIS W MCC,"$121,234.00"
MS289,ACUTE & SUBACUTE ENDOCARDITIS W CC,"$52,911.00"
MS291,HEART FAILURE & SHOCK W MCC OR PERIPHERAL EXTRACORPOREAL MEMBRANE OXYGENATION (ECMO),"$54,598.00"
MS292,HEART FAILURE & SHOCK W CC,"$43,822.00"
MS293,HEART FAILURE & SHOCK W/O CC/MCC,"$31,819.00"
MS294,DEEP VEIN THROMBOPHLEBITIS W CC/MCC,"$33,490.00"
MS296,"CARDIAC ARREST, UNEXPLAINED W MCC OR PERIPHERAL EXTRACORPOREAL MEMBRANE OXYGENATION (ECMO)","$128,341.00"
MS298,"CARDIAC ARREST, UNEXPLAINED W/O CC/MCC","$11,862.00"
MS299,PERIPHERAL VASCULAR DISORDERS W MCC,"$45,801.00"
MS300,PERIPHERAL VASCULAR DISORDERS W CC,"$30,560.00"
MS301,PERIPHERAL VASCULAR DISORDERS W/O CC/MCC,"$26,546.00"
MS302,ATHEROSCLEROSIS W MCC,"$67,324.00"
MS303,ATHEROSCLEROSIS W/O MCC,"$29,095.00"
MS304,HYPERTENSION W MCC,"$36,572.00"
MS305,HYPERTENSION W/O MCC,"$24,593.00"
MS306,CARDIAC CONGENITAL & VALVULAR DISORDERS W MCC,"$62,700.00"
MS307,CARDIAC CONGENITAL & VALVULAR DISORDERS W/O MCC,"$36,044.00"
MS308,CARDIAC ARRHYTHMIA & CONDUCTION DISORDERS W MCC,"$43,215.00"
MS309,CARDIAC ARRHYTHMIA & CONDUCTION DISORDERS W CC,"$26,251.00"
MS310,CARDIAC ARRHYTHMIA & CONDUCTION DISORDERS W/O CC/MCC,"$20,419.00"
MS311,ANGINA PECTORIS,"$15,495.00"
MS312,SYNCOPE & COLLAPSE,"$30,461.00"
MS313,CHEST PAIN,"$26,797.00"
MS314,OTHER CIRCULATORY SYSTEM DIAGNOSES W MCC,"$67,640.00"
MS315,OTHER CIRCULATORY SYSTEM DIAGNOSES W CC,"$39,989.00"
MS316,OTHER CIRCULATORY SYSTEM DIAGNOSES W/O CC/MCC,"$23,948.00"
MS326,"STOMACH, ESOPHAGEAL & DUODENAL PROC W MCC","$223,083.00"
MS327,"STOMACH, ESOPHAGEAL & DUODENAL PROC W CC","$98,721.00"
MS328,"STOMACH, ESOPHAGEAL & DUODENAL PROC W/O CC/MCC","$63,400.00"
MS329,MAJOR SMALL & LARGE BOWEL PROCEDURES W MCC,"$158,687.00"
MS330,MAJOR SMALL & LARGE BOWEL PROCEDURES W CC,"$88,609.00"
MS331,MAJOR SMALL & LARGE BOWEL PROCEDURES W/O CC/MCC,"$68,760.00"
MS332,RECTAL RESECTION W MCC,"$130,591.00"
MS333,RECTAL RESECTION W CC,"$131,461.00"
MS334,RECTAL RESECTION W/O CC/MCC,"$49,730.00"
MS335,PERITONEAL ADHESIOLYSIS W MCC,"$188,280.00"
MS336,PERITONEAL ADHESIOLYSIS W CC,"$96,815.00"
MS337,PERITONEAL ADHESIOLYSIS W/O CC/MCC,"$93,854.00"
MS339,APPENDECTOMY W COMPLICATED PRINCIPAL DIAG W CC,"$115,428.00"
MS340,APPENDECTOMY W COMPLICATED PRINCIPAL DIAG W/O CC/MCC,"$59,127.00"
MS342,APPENDECTOMY W/O COMPLICATED PRINCIPAL DIAG W CC,"$68,414.00"
MS343,APPENDECTOMY W/O COMPLICATED PRINCIPAL DIAG W/O CC/MCC,"$40,588.00"
MS344,MINOR SMALL & LARGE BOWEL PROCEDURES W MCC,"$203,830.00"
MS345,MINOR SMALL & LARGE BOWEL PROCEDURES W CC,"$72,538.00"
MS346,MINOR SMALL & LARGE BOWEL PROCEDURES W/O CC/MCC,"$34,760.00"
MS347,ANAL & STOMAL PROCEDURES W MCC,"$98,958.00"
MS348,ANAL & STOMAL PROCEDURES W CC,"$58,355.00"
MS349,ANAL & STOMAL PROCEDURES W/O CC/MCC,"$44,784.00"
MS350,INGUINAL & FEMORAL HERNIA PROCEDURES W MCC,"$77,637.00"
MS351,INGUINAL & FEMORAL HERNIA PROCEDURES W CC,"$88,685.00"
MS352,INGUINAL & FEMORAL HERNIA PROCEDURES W/O CC/MCC,"$44,820.00"
MS353,HERNIA PROCEDURES EXCEPT INGUINAL & FEMORAL W MCC,"$88,577.00"
MS354,HERNIA PROCEDURES EXCEPT INGUINAL & FEMORAL W CC,"$73,820.00"
MS355,HERNIA PROCEDURES EXCEPT INGUINAL & FEMORAL W/O CC/MCC,"$60,431.00"
MS356,OTHER DIGESTIVE SYSTEM O.R. PROCEDURES W MCC,"$153,637.00"
MS357,OTHER DIGESTIVE SYSTEM O.R. PROCEDURES W CC,"$88,791.00"
MS358,OTHER DIGESTIVE SYSTEM O.R. PROCEDURES W/O CC/MCC,"$48,049.00"
MS368,MAJOR ESOPHAGEAL DISORDERS W MCC,"$109,351.00"
MS369,MAJOR ESOPHAGEAL DISORDERS W CC,"$48,694.00"
MS371,MAJOR GASTROINTESTINAL DISORDERS & PERITONEAL INFECTIONS W MCC,"$47,457.00"
MS372,MAJOR GASTROINTESTINAL DISORDERS & PERITONEAL INFECTIONS W CC,"$32,623.00"
MS373,MAJOR GASTROINTESTINAL DISORDERS & PERITONEAL INFECTIONS W/O CC/MCC,"$20,852.00"
MS374,DIGESTIVE MALIGNANCY W MCC,"$54,217.00"
MS375,DIGESTIVE MALIGNANCY W CC,"$37,112.00"
MS376,DIGESTIVE MALIGNANCY W/O CC/MCC,"$36,998.00"
MS377,G.I. HEMORRHAGE W MCC,"$56,385.00"
MS378,G.I. HEMORRHAGE W CC,"$34,054.00"
MS379,G.I. HEMORRHAGE W/O CC/MCC,"$21,835.00"
MS380,COMPLICATED PEPTIC ULCER W MCC,"$64,517.00"
MS381,COMPLICATED PEPTIC ULCER W CC,"$30,479.00"
MS383,UNCOMPLICATED PEPTIC ULCER W MCC,"$42,726.00"
MS384,UNCOMPLICATED PEPTIC ULCER W/O MCC,"$17,759.00"
MS385,INFLAMMATORY BOWEL DISEASE W MCC,"$45,336.00"
MS386,INFLAMMATORY BOWEL DISEASE W CC,"$33,097.00"
MS387,INFLAMMATORY BOWEL DISEASE W/O CC/MCC,"$24,358.00"
MS388,G.I. OBSTRUCTION W MCC,"$48,345.00"
MS389,G.I. OBSTRUCTION W CC,"$25,566.00"
MS390,G.I. OBSTRUCTION W/O CC/MCC,"$20,217.00"
MS391,"ESOPHAGITIS, GASTROENT & MISC DIGEST DISORDERS W MCC","$39,857.00"
MS392,"ESOPHAGITIS, GASTROENT & MISC DIGEST DISORDERS W/O MCC","$25,624.00"
MS393,OTHER DIGESTIVE SYSTEM DIAGNOSES W MCC,"$46,065.00"
MS394,OTHER DIGESTIVE SYSTEM DIAGNOSES W CC,"$31,910.00"
MS395,OTHER DIGESTIVE SYSTEM DIAGNOSES W/O CC/MCC,"$21,425.00"
MS405,"PANCREAS, LIVER & SHUNT PROCEDURES W MCC","$158,529.00"
MS406,"PANCREAS, LIVER & SHUNT PROCEDURES W CC","$132,923.00"
MS407,"PANCREAS, LIVER & SHUNT PROCEDURES W/O CC/MCC","$96,674.00"
MS408,BILIARY TRACT PROC EXCEPT ONLY CHOLECYST W OR W/O C.D.E. W MCC,"$238,463.00"
MS409,BILIARY TRACT PROC EXCEPT ONLY CHOLECYST W OR W/O C.D.E. W CC,"$140,622.00"
MS414,CHOLECYSTECTOMY EXCEPT BY LAPAROSCOPE W/O C.D.E. W MCC,"$124,718.00"
MS415,CHOLECYSTECTOMY EXCEPT BY LAPAROSCOPE W/O C.D.E. W CC,"$82,415.00"
MS416,CHOLECYSTECTOMY EXCEPT BY LAPAROSCOPE W/O C.D.E. W/O CC/MCC,"$65,490.00"
MS417,LAPAROSCOPIC CHOLECYSTECTOMY W/O C.D.E. W MCC,"$106,329.00"
MS418,LAPAROSCOPIC CHOLECYSTECTOMY W/O C.D.E. W CC,"$73,484.00"
MS419,LAPAROSCOPIC CHOLECYSTECTOMY W/O C.D.E. W/O CC/MCC,"$53,094.00"
MS420,HEPATOBILIARY DIAGNOSTIC PROCEDURES W MCC,"$119,793.00"
MS421,HEPATOBILIARY DIAGNOSTIC PROCEDURES W CC,"$86,254.00"
MS423,OTHER HEPATOBILIARY OR PANCREAS O.R. PROCEDURES W MCC,"$189,225.00"
MS424,OTHER HEPATOBILIARY OR PANCREAS O.R. PROCEDURES W CC,"$65,555.00"
MS432,CIRRHOSIS & ALCOHOLIC HEPATITIS W MCC,"$70,060.00"
MS433,CIRRHOSIS & ALCOHOLIC HEPATITIS W CC,"$37,114.00"
MS435,MALIGNANCY OF HEPATOBILIARY SYSTEM OR PANCREAS W MCC,"$53,111.00"
MS436,MALIGNANCY OF HEPATOBILIARY SYSTEM OR PANCREAS W CC,"$33,656.00"
MS437,MALIGNANCY OF HEPATOBILIARY SYSTEM OR PANCREAS W/O CC/MCC,"$32,095.00"
MS438,DISORDERS OF PANCREAS EXCEPT MALIGNANCY W MCC,"$41,083.00"
MS439,DISORDERS OF PANCREAS EXCEPT MALIGNANCY W CC,"$35,789.00"
MS440,DISORDERS OF PANCREAS EXCEPT MALIGNANCY W/O CC/MCC,"$19,377.00"
MS441,"DISORDERS OF LIVER EXCEPT MALIG,CIRR,ALC HEPA W MCC","$67,160.00"
MS442,"DISORDERS OF LIVER EXCEPT MALIG,CIRR,ALC HEPA W CC","$32,815.00"
MS443,"DISORDERS OF LIVER EXCEPT MALIG,CIRR,ALC HEPA W/O CC/MCC","$26,344.00"
MS444,DISORDERS OF THE BILIARY TRACT W MCC,"$60,625.00"
MS445,DISORDERS OF THE BILIARY TRACT W CC,"$47,078.00"
MS446,DISORDERS OF THE BILIARY TRACT W/O CC/MCC,"$32,643.00"
MS453,COMBINED ANTERIOR/POSTERIOR SPINAL FUSION W MCC,"$250,622.00"
MS454,COMBINED ANTERIOR/POSTERIOR SPINAL FUSION W CC,"$174,404.00"
MS455,COMBINED ANTERIOR/POSTERIOR SPINAL FUSION W/O CC/MCC,"$127,366.00"
MS456,SPINAL FUS EXC CERV W SPINAL CURV/MALIG/INFEC OR EXT FUS W MCC,"$260,146.00"
MS457,SPINAL FUS EXC CERV W SPINAL CURV/MALIG/INFEC OR EXT FUS W CC,"$203,421.00"
MS458,SPINAL FUS EXC CERV W SPINAL CURV/MALIG/INFEC OR EXT FUS W/O CC/MCC,"$198,617.00"
MS459,SPINAL FUSION EXCEPT CERVICAL W MCC,"$194,158.00"
MS460,SPINAL FUSION EXCEPT CERVICAL W/O MCC,"$99,597.00"
MS462,BILATERAL OR MULTIPLE MAJOR JOINT PROCS OF LOWER EXTREMITY W/O MCC,"$104,899.00"
MS463,"WND DEBRID & SKN GRFT EXC HAND, FOR MUSCULO-CONN TISS DIS W MCC","$249,723.00"
MS464,"WND DEBRID & SKN GRFT EXC HAND, FOR MUSCULO-CONN TISS DIS W CC","$143,252.00"
MS465,"WND DEBRID & SKN GRFT EXC HAND, FOR MUSCULO-CONN TISS DIS W/O CC/MCC","$70,908.00"
MS466,REVISION OF HIP OR KNEE REPLACEMENT W MCC,"$143,712.00"
MS467,REVISION OF HIP OR KNEE REPLACEMENT W CC,"$118,839.00"
MS468,REVISION OF HIP OR KNEE REPLACEMENT W/O CC/MCC,"$94,382.00"
MS469,MAJOR HIP AND KNEE JOINT REPLACEMENT OR REATTACHMENT OF LOWER EXTREMITY W MCC OR TOTAL ANKLE REPLACEMENT,"$116,868.00"
MS470,MAJOR HIP AND KNEE JOINT REPLACEMENT OR REATTACHMENT OF LOWER EXTREMITY W/O MCC,"$68,120.00"
MS471,CERVICAL SPINAL FUSION W MCC,"$155,482.00"
MS472,CERVICAL SPINAL FUSION W CC,"$92,126.00"
MS473,CERVICAL SPINAL FUSION W/O CC/MCC,"$79,271.00"
MS474,AMPUTATION FOR MUSCULOSKELETAL SYS & CONN TISSUE DIS W MCC,"$129,115.00"
MS475,AMPUTATION FOR MUSCULOSKELETAL SYS & CONN TISSUE DIS W CC,"$71,101.00"
MS476,AMPUTATION FOR MUSCULOSKELETAL SYS & CONN TISSUE DIS W/O CC/MCC,"$89,872.00"
MS477,BIOPSIES OF MUSCULOSKELETAL SYSTEM & CONNECTIVE TISSUE W MCC,"$92,628.00"
MS478,BIOPSIES OF MUSCULOSKELETAL SYSTEM & CONNECTIVE TISSUE W CC,"$75,752.00"
MS479,BIOPSIES OF MUSCULOSKELETAL SYSTEM & CONNECTIVE TISSUE W/O CC/MCC,"$73,910.00"
MS480,HIP & FEMUR PROCEDURES EXCEPT MAJOR JOINT W MCC,"$94,502.00"
MS481,HIP & FEMUR PROCEDURES EXCEPT MAJOR JOINT W CC,"$89,370.00"
MS482,HIP & FEMUR PROCEDURES EXCEPT MAJOR JOINT W/O CC/MCC,"$68,841.00"
MS483,MAJOR JOINT/LIMB REATTACHMENT PROCEDURE OF UPPER EXTREMITIES,"$81,405.00"
MS485,KNEE PROCEDURES W PDX OF INFECTION W MCC,"$142,409.00"
MS486,KNEE PROCEDURES W PDX OF INFECTION W CC,"$88,134.00"
MS487,KNEE PROCEDURES W PDX OF INFECTION W/O CC/MCC,"$78,781.00"
MS488,KNEE PROCEDURES W/O PDX OF INFECTION W CC/MCC,"$105,535.00"
MS489,KNEE PROCEDURES W/O PDX OF INFECTION W/O CC/MCC,"$65,166.00"
MS492,"LOWER EXTREM & HUMER PROC EXCEPT HIP,FOOT,FEMUR W MCC","$110,309.00"
MS493,"LOWER EXTREM & HUMER PROC EXCEPT HIP,FOOT,FEMUR W CC","$88,760.00"
MS494,"LOWER EXTREM & HUMER PROC EXCEPT HIP,FOOT,FEMUR W/O CC/MCC","$79,203.00"
MS495,LOCAL EXCISION & REMOVAL INT FIX DEVICES EXC HIP & FEMUR W MCC,"$103,154.00"
MS496,LOCAL EXCISION & REMOVAL INT FIX DEVICES EXC HIP & FEMUR W CC,"$68,480.00"
MS497,LOCAL EXCISION & REMOVAL INT FIX DEVICES EXC HIP & FEMUR W/O CC/MCC,"$46,819.00"
MS498,LOCAL EXCISION & REMOVAL INT FIX DEVICES OF HIP & FEMUR W CC/MCC,"$68,172.00"
MS500,SOFT TISSUE PROCEDURES W MCC,"$139,163.00"
MS501,SOFT TISSUE PROCEDURES W CC,"$79,331.00"
MS502,SOFT TISSUE PROCEDURES W/O CC/MCC,"$81,836.00"
MS503,FOOT PROCEDURES W MCC,"$113,539.00"
MS504,FOOT PROCEDURES W CC,"$101,850.00"
MS506,MAJOR THUMB OR JOINT PROCEDURES,"$30,923.00"
MS508,MAJOR SHOULDER OR ELBOW JOINT PROCEDURES W/O CC/MCC,"$46,925.00"
MS510,"SHOULDER,ELBOW OR FOREARM PROC,EXC MAJOR JOINT PROC W MCC","$215,242.00"
MS511,"SHOULDER,ELBOW OR FOREARM PROC,EXC MAJOR JOINT PROC W CC","$75,150.00"
MS512,"SHOULDER,ELBOW OR FOREARM PROC,EXC MAJOR JOINT PROC W/O CC/MCC","$76,069.00"
MS513,"HAND OR WRIST PROC, EXCEPT MAJOR THUMB OR JOINT PROC W CC/MCC","$77,224.00"
MS514,"HAND OR WRIST PROC, EXCEPT MAJOR THUMB OR JOINT PROC W/O CC/MCC","$67,456.00"
MS515,OTHER MUSCULOSKELET SYS & CONN TISS O.R. PROC W MCC,"$85,647.00"
MS516,OTHER MUSCULOSKELET SYS & CONN TISS O.R. PROC W CC,"$86,617.00"
MS517,OTHER MUSCULOSKELET SYS & CONN TISS O.R. PROC W/O CC/MCC,"$61,033.00"
MS518,BACK & NECK PROC EXC SPINAL FUSION W MCC OR DISC DEVICE/NEUROSTIM,"$112,225.00"
MS519,BACK & NECK PROC EXC SPINAL FUSION W CC,"$69,047.00"
MS520,BACK & NECK PROC EXC SPINAL FUSION W/O CC/MCC,"$69,143.00"
MS533,FRACTURES OF FEMUR W MCC,"$40,896.00"
MS534,FRACTURES OF FEMUR W/O MCC,"$18,790.00"
MS535,FRACTURES OF HIP & PELVIS W MCC,"$53,239.00"
MS536,FRACTURES OF HIP & PELVIS W/O MCC,"$36,720.00"
MS537,"SPRAINS, STRAINS, & DISLOCATIONS OF HIP, PELVIS & THIGH W CC/MCC","$40,150.00"
MS538,"SPRAINS, STRAINS, & DISLOCATIONS OF HIP, PELVIS & THIGH W/O CC/MCC","$22,095.00"
MS539,OSTEOMYELITIS W MCC,"$153,098.00"
MS540,OSTEOMYELITIS W CC,"$43,251.00"
MS541,OSTEOMYELITIS W/O CC/MCC,"$11,263.00"
MS542,PATHOLOGICAL FRACTURES & MUSCULOSKELET & CONN TISS MALIG W MCC,"$70,979.00"
MS543,PATHOLOGICAL FRACTURES & MUSCULOSKELET & CONN TISS MALIG W CC,"$46,528.00"
MS544,PATHOLOGICAL FRACTURES & MUSCULOSKELET & CONN TISS MALIG W/O CC/MCC,"$39,582.00"
MS545,CONNECTIVE TISSUE DISORDERS W MCC,"$63,844.00"
MS546,CONNECTIVE TISSUE DISORDERS W CC,"$28,126.00"
MS547,CONNECTIVE TISSUE DISORDERS W/O CC/MCC,"$25,068.00"
MS548,SEPTIC ARTHRITIS W MCC,"$151,255.00"
MS549,SEPTIC ARTHRITIS W CC,"$43,324.00"
MS550,SEPTIC ARTHRITIS W/O CC/MCC,"$41,403.00"
MS551,MEDICAL BACK PROBLEMS W MCC,"$57,101.00"
MS552,MEDICAL BACK PROBLEMS W/O MCC,"$35,426.00"
MS553,BONE DISEASES & ARTHROPATHIES W MCC,"$40,707.00"
MS554,BONE DISEASES & ARTHROPATHIES W/O MCC,"$26,905.00"
MS555,SIGNS & SYMPTOMS OF MUSCULOSKELETAL SYSTEM & CONN TISSUE W MCC,"$101,872.00"
MS556,SIGNS & SYMPTOMS OF MUSCULOSKELETAL SYSTEM & CONN TISSUE W/O MCC,"$35,034.00"
MS557,"TENDONITIS, MYOSITIS & BURSITIS W MCC","$46,746.00"
MS558,"TENDONITIS, MYOSITIS & BURSITIS W/O MCC","$35,997.00"
MS559,"AFTERCARE, MUSCULOSKELETAL SYSTEM & CONNECTIVE TISSUE W MCC","$66,984.00"
MS560,"AFTERCARE, MUSCULOSKELETAL SYSTEM & CONNECTIVE TISSUE W CC","$35,009.00"
MS561,"AFTERCARE, MUSCULOSKELETAL SYSTEM & CONNECTIVE TISSUE W/O CC/MCC","$30,582.00"
MS562,"FX, SPRN, STRN & DISL EXCEPT FEMUR, HIP, PELVIS & THIGH W MCC","$39,392.00"
MS563,"FX, SPRN, STRN & DISL EXCEPT FEMUR, HIP, PELVIS & THIGH W/O MCC","$31,226.00"
MS564,OTHER MUSCULOSKELETAL SYS & CONNECTIVE TISSUE DIAGNOSES W MCC,"$29,844.00"
MS565,OTHER MUSCULOSKELETAL SYS & CONNECTIVE TISSUE DIAGNOSES W CC,"$30,954.00"
MS566,OTHER MUSCULOSKELETAL SYS & CONNECTIVE TISSUE DIAGNOSES W/O CC/MCC,"$15,700.00"
MS570,SKIN DEBRIDEMENT W MCC,"$176,539.00"
MS571,SKIN DEBRIDEMENT W CC,"$51,397.00"
MS572,SKIN DEBRIDEMENT W/O CC/MCC,"$191,928.00"
MS573,SKIN GRAFT FOR SKIN ULCER OR CELLULITIS W MCC,"$62,703.00"
MS575,SKIN GRAFT FOR SKIN ULCER OR CELLULITIS W/O CC/MCC,"$35,522.00"
MS576,SKIN GRAFT EXC FOR SKIN ULCER OR CELLULITIS W MCC,"$184,622.00"
MS577,SKIN GRAFT EXC FOR SKIN ULCER OR CELLULITIS W CC,"$87,325.00"
MS578,SKIN GRAFT EXC FOR SKIN ULCER OR CELLULITIS W/O CC/MCC,"$66,610.00"
MS579,"OTHER SKIN, SUBCUT TISS & BREAST PROC W MCC","$67,035.00"
MS580,"OTHER SKIN, SUBCUT TISS & BREAST PROC W CC","$75,222.00"
MS581,"OTHER SKIN, SUBCUT TISS & BREAST PROC W/O CC/MCC","$64,649.00"
MS582,MASTECTOMY FOR MALIGNANCY W CC/MCC,"$71,168.00"
MS583,MASTECTOMY FOR MALIGNANCY W/O CC/MCC,"$63,179.00"
MS584,"BREAST BIOPSY, LOCAL EXCISION & OTHER BREAST PROCEDURES W CC/MCC","$168,387.00"
MS585,"BREAST BIOPSY, LOCAL EXCISION & OTHER BREAST PROCEDURES W/O CC/MCC","$172,440.00"
MS592,SKIN ULCERS W MCC,"$25,995.00"
MS593,SKIN ULCERS W CC,"$36,699.00"
MS594,SKIN ULCERS W/O CC/MCC,"$19,872.00"
MS595,MAJOR SKIN DISORDERS W MCC,"$68,445.00"
MS596,MAJOR SKIN DISORDERS W/O MCC,"$60,079.00"
MS597,MALIGNANT BREAST DISORDERS W MCC,"$132,084.00"
MS598,MALIGNANT BREAST DISORDERS W CC,"$32,126.00"
MS600,NON-MALIGNANT BREAST DISORDERS W CC/MCC,"$35,723.00"
MS602,CELLULITIS W MCC,"$47,170.00"
MS603,CELLULITIS W/O MCC,"$31,070.00"
MS604,"TRAUMA TO THE SKIN, SUBCUT TISS & BREAST W MCC","$65,125.00"
MS605,"TRAUMA TO THE SKIN, SUBCUT TISS & BREAST W/O MCC","$30,227.00"
MS606,MINOR SKIN DISORDERS W MCC,"$64,767.00"
MS607,MINOR SKIN DISORDERS W/O MCC,"$28,831.00"
MS614,ADRENAL & PITUITARY PROCEDURES W CC/MCC,"$93,236.00"
MS615,ADRENAL & PITUITARY PROCEDURES W/O CC/MCC,"$59,875.00"
MS616,"AMPUTAT OF LOWER LIMB FOR ENDOCRINE,NUTRIT,& METABOL DIS W MCC","$168,180.00"
MS617,"AMPUTAT OF LOWER LIMB FOR ENDOCRINE,NUTRIT,& METABOL DIS W CC","$63,507.00"
MS619,O.R. PROCEDURES FOR OBESITY W MCC,"$90,201.00"
MS620,O.R. PROCEDURES FOR OBESITY W CC,"$55,318.00"
MS621,O.R. PROCEDURES FOR OBESITY W/O CC/MCC,"$44,581.00"
MS622,"SKIN GRAFTS & WOUND DEBRID FOR ENDOC, NUTRIT & METAB DIS W MCC","$113,344.00"
MS623,"SKIN GRAFTS & WOUND DEBRID FOR ENDOC, NUTRIT & METAB DIS W CC","$52,815.00"
MS625,"THYROID, PARATHYROID & THYROGLOSSAL PROCEDURES W MCC","$232,282.00"
MS626,"THYROID, PARATHYROID & THYROGLOSSAL PROCEDURES W CC","$85,250.00"
MS627,"THYROID, PARATHYROID & THYROGLOSSAL PROCEDURES W/O CC/MCC","$50,567.00"
MS628,"OTHER ENDOCRINE, NUTRIT & METAB O.R. PROC W MCC","$109,972.00"
MS629,"OTHER ENDOCRINE, NUTRIT & METAB O.R. PROC W CC","$61,498.00"
MS630,"OTHER ENDOCRINE, NUTRIT & METAB O.R. PROC W/O CC/MCC","$24,390.00"
MS637,DIABETES W MCC,"$45,374.00"
MS638,DIABETES W CC,"$32,623.00"
MS639,DIABETES W/O CC/MCC,"$20,209.00"
MS640,"MISC DISORDERS OF NUTRITION,METABOLISM,FLUIDS/ELECTROLYTES W MCC","$42,537.00"
MS641,"MISC DISORDERS OF NUTRITION,METABOLISM,FLUIDS/ELECTROLYTES W/O MCC","$31,146.00"
MS642,INBORN AND OTHER DISORDERS OF METABOLISM,"$20,103.00"
MS643,ENDOCRINE DISORDERS W MCC,"$78,325.00"
MS644,ENDOCRINE DISORDERS W CC,"$36,957.00"
MS645,ENDOCRINE DISORDERS W/O CC/MCC,"$30,071.00"
MS652,KIDNEY TRANSPLANT,"$311,202.00"
MS653,MAJOR BLADDER PROCEDURES W MCC,"$200,109.00"
MS654,MAJOR BLADDER PROCEDURES W CC,"$142,931.00"
MS655,MAJOR BLADDER PROCEDURES W/O CC/MCC,"$121,957.00"
MS656,KIDNEY & URETER PROCEDURES FOR NEOPLASM W MCC,"$156,143.00"
MS657,KIDNEY & URETER PROCEDURES FOR NEOPLASM W CC,"$83,513.00"
MS658,KIDNEY & URETER PROCEDURES FOR NEOPLASM W/O CC/MCC,"$70,451.00"
MS659,KIDNEY & URETER PROCEDURES FOR NON-NEOPLASM W MCC,"$128,714.00"
MS660,KIDNEY & URETER PROCEDURES FOR NON-NEOPLASM W CC,"$97,318.00"
MS661,KIDNEY & URETER PROCEDURES FOR NON-NEOPLASM W/O CC/MCC,"$56,678.00"
MS663,MINOR BLADDER PROCEDURES W CC,"$84,977.00"
MS664,MINOR BLADDER PROCEDURES W/O CC/MCC,"$47,622.00"
MS665,PROSTATECTOMY W MCC,"$85,349.00"
MS666,PROSTATECTOMY W CC,"$57,817.00"
MS668,TRANSURETHRAL PROCEDURES W MCC,"$182,274.00"
MS669,TRANSURETHRAL PROCEDURES W CC,"$50,044.00"
MS670,TRANSURETHRAL PROCEDURES W/O CC/MCC,"$34,541.00"
MS672,URETHRAL PROCEDURES W/O CC/MCC,"$41,308.00"
MS673,OTHER KIDNEY & URINARY TRACT PROCEDURES W MCC,"$86,141.00"
MS674,OTHER KIDNEY & URINARY TRACT PROCEDURES W CC,"$104,901.00"
MS675,OTHER KIDNEY & URINARY TRACT PROCEDURES W/O CC/MCC,"$46,927.00"
MS682,RENAL FAILURE W MCC,"$57,182.00"
MS683,RENAL FAILURE W CC,"$28,149.00"
MS684,RENAL FAILURE W/O CC/MCC,"$23,506.00"
MS686,KIDNEY & URINARY TRACT NEOPLASMS W MCC,"$44,838.00"
MS687,KIDNEY & URINARY TRACT NEOPLASMS W CC,"$34,386.00"
MS688,KIDNEY & URINARY TRACT NEOPLASMS W/O CC/MCC,"$62,445.00"
MS689,KIDNEY & URINARY TRACT INFECTIONS W MCC,"$42,577.00"
MS690,KIDNEY & URINARY TRACT INFECTIONS W/O MCC,"$25,227.00"
MS693,URINARY STONES W/O ESW LITHOTRIPSY W MCC,"$40,175.00"
MS694,URINARY STONES W/O ESW LITHOTRIPSY W/O MCC,"$26,667.00"
MS695,KIDNEY & URINARY TRACT SIGNS & SYMPTOMS W MCC,"$56,273.00"
MS696,KIDNEY & URINARY TRACT SIGNS & SYMPTOMS W/O MCC,"$15,268.00"
MS697,URETHRAL STRICTURE,"$20,956.00"
MS698,OTHER KIDNEY & URINARY TRACT DIAGNOSES W MCC,"$45,743.00"
MS699,OTHER KIDNEY & URINARY TRACT DIAGNOSES W CC,"$28,992.00"
MS700,OTHER KIDNEY & URINARY TRACT DIAGNOSES W/O CC/MCC,"$18,701.00"
MS707,MAJOR MALE PELVIC PROCEDURES W CC/MCC,"$77,971.00"
MS708,MAJOR MALE PELVIC PROCEDURES W/O CC/MCC,"$74,809.00"
MS709,PENIS PROCEDURES W CC/MCC,"$55,814.00"
MS710,PENIS PROCEDURES W/O CC/MCC,"$68,579.00"
MS711,TESTES PROCEDURES W CC/MCC,"$123,031.00"
MS712,TESTES PROCEDURES W/O CC/MCC,"$47,961.00"
MS713,TRANSURETHRAL PROSTATECTOMY W CC/MCC,"$29,639.00"
MS717,OTHER MALE REPRODUCTIVE SYSTEM O.R. PROC EXC MALIGNANCY W CC/MCC,"$137,316.00"
MS722,"MALIGNANCY, MALE REPRODUCTIVE SYSTEM W MCC","$28,378.00"
MS723,"MALIGNANCY, MALE REPRODUCTIVE SYSTEM W CC","$28,458.00"
MS724,"MALIGNANCY, MALE REPRODUCTIVE SYSTEM W/O CC/MCC","$73,685.00"
MS725,BENIGN PROSTATIC HYPERTROPHY W MCC,"$28,796.00"
MS726,BENIGN PROSTATIC HYPERTROPHY W/O MCC,"$15,785.00"
MS727,INFLAMMATION OF THE MALE REPRODUCTIVE SYSTEM W MCC,"$39,671.00"
MS728,INFLAMMATION OF THE MALE REPRODUCTIVE SYSTEM W/O MCC,"$36,172.00"
MS729,OTHER MALE REPRODUCTIVE SYSTEM DIAGNOSES W CC/MCC,"$43,036.00"
MS730,OTHER MALE REPRODUCTIVE SYSTEM DIAGNOSES W/O CC/MCC,"$29,453.00"
MS734,"PELVIC EVISCERATION, RAD HYSTERECTOMY & RAD VULVECTOMY W CC/MCC","$170,467.00"
MS735,"PELVIC EVISCERATION, RAD HYSTERECTOMY & RAD VULVECTOMY W/O CC/MCC","$68,959.00"
MS736,UTERINE & ADNEXA PROC FOR OVARIAN OR ADNEXAL MALIGNANCY W MCC,"$80,205.00"
MS737,UTERINE & ADNEXA PROC FOR OVARIAN OR ADNEXAL MALIGNANCY W CC,"$86,820.00"
MS738,UTERINE & ADNEXA PROC FOR OVARIAN OR ADNEXAL MALIGNANCY W/O CC/MCC,"$62,805.00"
MS739,"UTERINE,ADNEXA PROC FOR NON-OVARIAN/ADNEXAL MALIG W MCC","$128,684.00"
MS740,"UTERINE,ADNEXA PROC FOR NON-OVARIAN/ADNEXAL MALIG W CC","$92,923.00"
MS741,"UTERINE,ADNEXA PROC FOR NON-OVARIAN/ADNEXAL MALIG W/O CC/MCC","$74,824.00"
MS742,UTERINE & ADNEXA PROC FOR NON-MALIGNANCY W CC/MCC,"$63,580.00"
MS743,UTERINE & ADNEXA PROC FOR NON-MALIGNANCY W/O CC/MCC,"$60,983.00"
MS744,"D&C, CONIZATION, LAPAROSCOPY & TUBAL INTERRUPTION W CC/MCC","$93,446.00"
MS745,"D&C, CONIZATION, LAPAROSCOPY & TUBAL INTERRUPTION W/O CC/MCC","$79,640.00"
MS746,"VAGINA, CERVIX & VULVA PROCEDURES W CC/MCC","$80,821.00"
MS747,"VAGINA, CERVIX & VULVA PROCEDURES W/O CC/MCC","$46,973.00"
MS748,FEMALE REPRODUCTIVE SYSTEM RECONSTRUCTIVE PROCEDURES,"$74,301.00"
MS749,OTHER FEMALE REPRODUCTIVE SYSTEM O.R. PROCEDURES W CC/MCC,"$124,992.00"
MS754,"MALIGNANCY, FEMALE REPRODUCTIVE SYSTEM W MCC","$63,122.00"
MS755,"MALIGNANCY, FEMALE REPRODUCTIVE SYSTEM W CC","$50,594.00"
MS756,"MALIGNANCY, FEMALE REPRODUCTIVE SYSTEM W/O CC/MCC","$87,260.00"
MS757,"INFECTIONS, FEMALE REPRODUCTIVE SYSTEM W MCC","$90,946.00"
MS758,"INFECTIONS, FEMALE REPRODUCTIVE SYSTEM W CC","$38,368.00"
MS759,"INFECTIONS, FEMALE REPRODUCTIVE SYSTEM W/O CC/MCC","$21,080.00"
MS760,MENSTRUAL & OTHER FEMALE REPRODUCTIVE SYSTEM DISORDERS W CC/MCC,"$26,240.00"
MS761,MENSTRUAL & OTHER FEMALE REPRODUCTIVE SYSTEM DISORDERS W/O CC/MCC,"$18,359.00"
MS765,CESAREAN SECTION W CC/MCC,"$44,590.00"
MS766,CESAREAN SECTION W/O CC/MCC,"$38,200.00"
MS767,VAGINAL DELIVERY W STERILIZATION &/OR D&C,"$31,557.00"
MS769,POSTPARTUM & POST ABORTION DIAGNOSES W O.R. PROCEDURE,"$73,110.00"
MS770,"ABORTION W D&C, ASPIRATION CURETTAGE OR HYSTEROTOMY","$30,936.00"
MS774,VAGINAL DELIVERY W COMPLICATING DIAGNOSES,"$31,524.00"
MS775,VAGINAL DELIVERY W/O COMPLICATING DIAGNOSES,"$29,946.00"
MS776,POSTPARTUM & POST ABORTION DIAGNOSES W/O O.R. PROCEDURE,"$16,591.00"
MS777,ECTOPIC PREGNANCY,"$39,486.00"
MS778,THREATENED ABORTION,"$12,859.00"
MS781,OTHER ANTEPARTUM DIAGNOSES W MEDICAL COMPLICATIONS,"$14,277.00"
MS782,OTHER ANTEPARTUM DIAGNOSES W/O MEDICAL COMPLICATIONS,"$11,062.00"
MS789,"NEONATES, DIED OR TRANSFERRED TO ANOTHER ACUTE CARE FACILITY","$7,177.00"
MS790,"EXTREME IMMATURITY OR RESPIRATORY DISTRESS SYNDROME, NEONATE","$375,427.00"
MS791,PREMATURITY W MAJOR PROBLEMS,"$211,060.00"
MS792,PREMATURITY W/O MAJOR PROBLEMS,"$9,420.00"
MS793,FULL TERM NEONATE W MAJOR PROBLEMS,"$12,179.00"
MS794,NEONATE W OTHER SIGNIFICANT PROBLEMS,"$8,804.00"
MS795,NORMAL NEWBORN,"$6,774.00"
MS799,SPLENECTOMY W MCC,"$165,517.00"
MS800,SPLENECTOMY W CC,"$101,851.00"
MS802,OTHER O.R. PROC OF THE BLOOD & BLOOD FORMING ORGANS W MCC,"$147,883.00"
MS803,OTHER O.R. PROC OF THE BLOOD & BLOOD FORMING ORGANS W CC,"$57,726.00"
MS804,OTHER O.R. PROC OF THE BLOOD & BLOOD FORMING ORGANS W/O CC/MCC,"$70,764.00"
MS808,MAJOR HEMATOL/IMMUN DIAG EXC SICKLE CELL CRISIS & COAGUL W MCC,"$82,104.00"
MS809,MAJOR HEMATOL/IMMUN DIAG EXC SICKLE CELL CRISIS & COAGUL W CC,"$39,873.00"
MS810,MAJOR HEMATOL/IMMUN DIAG EXC SICKLE CELL CRISIS & COAGUL W/O CC/MCC,"$82,274.00"
MS811,RED BLOOD CELL DISORDERS W MCC,"$52,288.00"
MS812,RED BLOOD CELL DISORDERS W/O MCC,"$34,627.00"
MS813,COAGULATION DISORDERS,"$43,118.00"
MS814,RETICULOENDOTHELIAL & IMMUNITY DISORDERS W MCC,"$90,934.00"
MS815,RETICULOENDOTHELIAL & IMMUNITY DISORDERS W CC,"$19,384.00"
MS816,RETICULOENDOTHELIAL & IMMUNITY DISORDERS W/O CC/MCC,"$29,970.00"
MS820,LYMPHOMA & LEUKEMIA W MAJOR O.R. PROCEDURE W MCC,"$183,569.00"
MS821,LYMPHOMA & LEUKEMIA W MAJOR O.R. PROCEDURE W CC,"$106,209.00"
MS822,LYMPHOMA & LEUKEMIA W MAJOR O.R. PROCEDURE W/O CC/MCC,"$74,522.00"
MS823,LYMPHOMA & NON-ACUTE LEUKEMIA W OTHER PROC W MCC,"$263,309.00"
MS824,LYMPHOMA & NON-ACUTE LEUKEMIA W OTHER PROC W CC,"$82,794.00"
MS825,LYMPHOMA & NON-ACUTE LEUKEMIA W OTHER PROC W/O CC/MCC,"$58,186.00"
MS826,MYELOPROLIF DISORD OR POORLY DIFF NEOPL W MAJ O.R. PROC W MCC,"$165,941.00"
MS827,MYELOPROLIF DISORD OR POORLY DIFF NEOPL W MAJ O.R. PROC W CC,"$106,988.00"
MS828,MYELOPROLIF DISORD OR POORLY DIFF NEOPL W MAJ O.R. PROC W/O CC/MCC,"$74,255.00"
MS829,MYELOPROLIFERATIVE DISORDERS OR POORLY DIFFERENTIATED NEOPLASMS W OTHER PROCEDURE W CC/MCC,"$89,557.00"
MS830,MYELOPROLIFERATIVE DISORDERS OR POORLY DIFFERENTIATED NEOPLASMS W OTHER PROCEDURE W/O CC/MCC,"$56,069.00"
MS834,ACUTE LEUKEMIA W/O MAJOR O.R. PROCEDURE W MCC,"$180,068.00"
MS835,ACUTE LEUKEMIA W/O MAJOR O.R. PROCEDURE W CC,"$86,280.00"
MS836,ACUTE LEUKEMIA W/O MAJOR O.R. PROCEDURE W/O CC/MCC,"$45,989.00"
MS837,CHEMO W ACUTE LEUKEMIA AS SDX OR W HIGH DOSE CHEMO AGENT W MCC,"$260,480.00"
MS838,CHEMO W ACUTE LEUKEMIA AS SDX W CC OR HIGH DOSE CHEMO AGENT,"$42,833.00"
MS839,CHEMO W ACUTE LEUKEMIA AS SDX W/O CC/MCC,"$75,165.00"
MS840,LYMPHOMA & NON-ACUTE LEUKEMIA W MCC,"$106,633.00"
MS841,LYMPHOMA & NON-ACUTE LEUKEMIA W CC,"$65,986.00"
MS842,LYMPHOMA & NON-ACUTE LEUKEMIA W/O CC/MCC,"$30,143.00"
MS843,OTHER MYELOPROLIF DIS OR POORLY DIFF NEOPL DIAG W MCC,"$70,214.00"
MS844,OTHER MYELOPROLIF DIS OR POORLY DIFF NEOPL DIAG W CC,"$34,204.00"
MS845,OTHER MYELOPROLIF DIS OR POORLY DIFF NEOPL DIAG W/O CC/MCC,"$23,142.00"
MS846,CHEMOTHERAPY W/O ACUTE LEUKEMIA AS SECONDARY DIAGNOSIS W MCC,"$89,984.00"
MS847,CHEMOTHERAPY W/O ACUTE LEUKEMIA AS SECONDARY DIAGNOSIS W CC,"$44,977.00"
MS848,CHEMOTHERAPY W/O ACUTE LEUKEMIA AS SECONDARY DIAGNOSIS W/O CC/MCC,"$46,923.00"
MS849,RADIOTHERAPY,"$123,864.00"
MS853,INFECTIOUS & PARASITIC DISEASES W O.R. PROCEDURE W MCC,"$183,806.00"
MS854,INFECTIOUS & PARASITIC DISEASES W O.R. PROCEDURE W CC,"$116,790.00"
MS855,INFECTIOUS & PARASITIC DISEASES W O.R. PROCEDURE W/O CC/MCC,"$91,692.00"
MS856,POSTOPERATIVE OR POST-TRAUMATIC INFECTIONS W O.R. PROC W MCC,"$153,307.00"
MS857,POSTOPERATIVE OR POST-TRAUMATIC INFECTIONS W O.R. PROC W CC,"$71,224.00"
MS858,POSTOPERATIVE OR POST-TRAUMATIC INFECTIONS W O.R. PROC W/O CC/MCC,"$43,267.00"
MS862,POSTOPERATIVE & POST-TRAUMATIC INFECTIONS W MCC,"$49,275.00"
MS863,POSTOPERATIVE & POST-TRAUMATIC INFECTIONS W/O MCC,"$26,909.00"
MS864,FEVER AND INFLAMMATORY CONDITIONS,"$29,621.00"
MS865,VIRAL ILLNESS W MCC,"$43,982.00"
MS866,VIRAL ILLNESS W/O MCC,"$30,672.00"
MS867,OTHER INFECTIOUS & PARASITIC DISEASES DIAGNOSES W MCC,"$57,229.00"
MS868,OTHER INFECTIOUS & PARASITIC DISEASES DIAGNOSES W CC,"$33,037.00"
MS869,OTHER INFECTIOUS & PARASITIC DISEASES DIAGNOSES W/O CC/MCC,"$21,006.00"
MS870,SEPTICEMIA OR SEVERE SEPSIS W MV >96 HOURS OR PERIPHERAL EXTRACORPOREAL MEMBRANE OXYGENATION (ECMO),"$252,348.00"
MS871,SEPTICEMIA OR SEVERE SEPSIS W/O MV >96 HOURS W MCC,"$73,901.00"
MS872,SEPTICEMIA OR SEVERE SEPSIS W/O MV >96 HOURS W/O MCC,"$41,830.00"
MS876,O.R. PROCEDURE W PRINCIPAL DIAGNOSES OF MENTAL ILLNESS,"$99,023.00"
MS880,ACUTE ADJUSTMENT REACTION & PSYCHOSOCIAL DYSFUNCTION,"$16,747.00"
MS881,DEPRESSIVE NEUROSES,"$50,534.00"
MS882,NEUROSES EXCEPT DEPRESSIVE,"$48,846.00"
MS884,ORGANIC DISTURBANCES & INTELLECTUAL DISABILITY,"$42,738.00"
MS885,PSYCHOSES,"$38,382.00"
MS894,"ALCOHOL/DRUG ABUSE OR DEPENDENCE, LEFT AMA","$20,066.00"
MS896,ALCOHOL/DRUG ABUSE OR DEPENDENCE W/O REHABILITATION THERAPY W MCC,"$69,365.00"
MS897,ALCOHOL/DRUG ABUSE OR DEPENDENCE W/O REHABILITATION THERAPY W/O MCC,"$29,071.00"
MS901,WOUND DEBRIDEMENTS FOR INJURIES W MCC,"$260,951.00"
MS902,WOUND DEBRIDEMENTS FOR INJURIES W CC,"$44,462.00"
MS903,WOUND DEBRIDEMENTS FOR INJURIES W/O CC/MCC,"$56,083.00"
MS904,SKIN GRAFTS FOR INJURIES W CC/MCC,"$82,132.00"
MS905,SKIN GRAFTS FOR INJURIES W/O CC/MCC,"$60,283.00"
MS906,HAND PROCEDURES FOR INJURIES,"$99,753.00"
MS907,OTHER O.R. PROCEDURES FOR INJURIES W MCC,"$144,549.00"
MS908,OTHER O.R. PROCEDURES FOR INJURIES W CC,"$74,556.00"
MS909,OTHER O.R. PROCEDURES FOR INJURIES W/O CC/MCC,"$49,506.00"
MS913,TRAUMATIC INJURY W MCC,"$54,602.00"
MS915,ALLERGIC REACTIONS W MCC,"$128,131.00"
MS916,ALLERGIC REACTIONS W/O MCC,"$19,694.00"
MS917,POISONING & TOXIC EFFECTS OF DRUGS W MCC,"$58,420.00"
MS918,POISONING & TOXIC EFFECTS OF DRUGS W/O MCC,"$31,326.00"
MS919,COMPLICATIONS OF TREATMENT W MCC,"$60,809.00"
MS920,COMPLICATIONS OF TREATMENT W CC,"$37,193.00"
MS921,COMPLICATIONS OF TREATMENT W/O CC/MCC,"$25,782.00"
MS922,"OTHER INJURY, POISONING & TOXIC EFFECT DIAG W MCC","$88,447.00"
MS923,"OTHER INJURY, POISONING & TOXIC EFFECT DIAG W/O MCC","$31,247.00"
MS927,EXTENSIVE BURNS OR FULL THICKNESS BURNS W MV >96 HRS W SKIN GRAFT,"$421,546.00"
MS928,FULL THICKNESS BURN W SKIN GRAFT OR INHAL INJ W CC/MCC,"$203,140.00"
MS934,FULL THICKNESS BURN W/O SKIN GRAFT OR INHAL INJ,"$54,016.00"
MS935,NON-EXTENSIVE BURNS,"$35,412.00"
MS939,O.R. PROC W DIAGNOSES OF OTHER CONTACT W HEALTH SERVICES W MCC,"$190,368.00"
MS940,O.R. PROC W DIAGNOSES OF OTHER CONTACT W HEALTH SERVICES W CC,"$70,344.00"
MS941,O.R. PROC W DIAGNOSES OF OTHER CONTACT W HEALTH SERVICES W/O CC/MCC,"$53,735.00"
MS947,SIGNS & SYMPTOMS W MCC,"$38,666.00"
MS948,SIGNS & SYMPTOMS W/O MCC,"$27,004.00"
MS949,AFTERCARE W CC/MCC,"$37,347.00"
MS950,AFTERCARE W/O CC/MCC,"$17,269.00"
MS951,OTHER FACTORS INFLUENCING HEALTH STATUS,$0.00
MS955,CRANIOTOMY FOR MULTIPLE SIGNIFICANT TRAUMA,"$334,880.00"
MS956,"LIMB REATTACHMENT, HIP & FEMUR PROC FOR MULTIPLE SIGNIFICANT TRAUMA","$105,386.00"
MS957,OTHER O.R. PROCEDURES FOR MULTIPLE SIGNIFICANT TRAUMA W MCC,"$211,849.00"
MS958,OTHER O.R. PROCEDURES FOR MULTIPLE SIGNIFICANT TRAUMA W CC,"$108,405.00"
MS963,OTHER MULTIPLE SIGNIFICANT TRAUMA W MCC,"$88,773.00"
MS964,OTHER MULTIPLE SIGNIFICANT TRAUMA W CC,"$47,245.00"
MS965,OTHER MULTIPLE SIGNIFICANT TRAUMA W/O CC/MCC,"$24,501.00"
MS969,HIV W EXTENSIVE O.R. PROCEDURE W MCC,"$400,621.00"
MS970,HIV W EXTENSIVE O.R. PROCEDURE W/O MCC,"$190,459.00"
MS974,HIV W MAJOR RELATED CONDITION W MCC,"$150,825.00"
MS975,HIV W MAJOR RELATED CONDITION W CC,"$48,795.00"
MS977,HIV W OR W/O OTHER RELATED CONDITION,"$34,793.00"
MS981,EXTENSIVE O.R. PROCEDURE UNRELATED TO PRINCIPAL DIAGNOSIS W MCC,"$176,180.00"
MS982,EXTENSIVE O.R. PROCEDURE UNRELATED TO PRINCIPAL DIAGNOSIS W CC,"$105,800.00"
MS983,EXTENSIVE O.R. PROCEDURE UNRELATED TO PRINCIPAL DIAGNOSIS W/O CC/MCC,"$70,004.00"
MS987,NON-EXTENSIVE O.R. PROC UNRELATED TO PRINCIPAL DIAGNOSIS W MCC,"$184,481.00"
MS988,NON-EXTENSIVE O.R. PROC UNRELATED TO PRINCIPAL DIAGNOSIS W CC,"$74,436.00"
MS989,NON-EXTENSIVE O.R. PROC UNRELATED TO PRINCIPAL DIAGNOSIS W/O CC/MCC,"$69,442.00"