MASSACHUSETTS GENERAL HOSPITAL DRG CHARGES,,
Charges Effective:,Oct-2018,
Charges below reflect Medicare DRG median charges from 10/1/17 - 9/30/18,,
DRG Code,Description,Median Charge
MS001,HEART TRANSPLANT OR IMPLANT OF HEART ASSIST SYSTEM W MCC,"$958,794 "
MS002,HEART TRANSPLANT OR IMPLANT OF HEART ASSIST SYSTEM W/O MCC,"$671,098 "
MS003,"ECMO OR TRACH W MV >96 HRS OR PDX EXC FACE, MOUTH & NECK W MAJ O.R.","$685,014 "
MS004,"TRACH W MV >96 HRS OR PDX EXC FACE, MOUTH & NECK W/O MAJ O.R.","$417,985 "
MS005,LIVER TRANSPLANT W MCC OR INTESTINAL TRANSPLANT,"$492,671 "
MS006,LIVER TRANSPLANT W/O MCC,"$360,083 "
MS007,LUNG TRANSPLANT,"$751,831 "
MS008,SIMULTANEOUS PANCREAS/KIDNEY TRANSPLANT,"$438,689 "
MS011,"TRACHEOSTOMY FOR FACE, MOUTH & NECK DIAGNOSES OR LARYNGECTOMY W MCC","$263,606 "
MS012,"TRACHEOSTOMY FOR FACE, MOUTH & NECK DIAGNOSES OR LARYNGECTOMY W CC","$105,732 "
MS013,"TRACHEOSTOMY FOR FACE, MOUTH & NECK DIAGNOSES OR LARYNGECTOMY W/O CC/MCC","$195,769 "
MS014,ALLOGENEIC BONE MARROW TRANSPLANT,"$331,708 "
MS016,AUTOLOGOUS BONE MARROW TRANSPLANT  W CC/MCC OR T-CELL IMMUNOTHERAPY,"$235,899 "
MS017,AUTOLOGOUS BONE MARROW TRANSPLANT W/O CC/MCC,$0 
MS020,INTRACRANIAL VASCULAR PROCEDURES W PDX HEMORRHAGE W MCC,"$304,004 "
MS021,INTRACRANIAL VASCULAR PROCEDURES W PDX HEMORRHAGE W CC,"$357,338 "
MS022,INTRACRANIAL VASCULAR PROCEDURES W PDX HEMORRHAGE W/O CC/MCC,"$70,076 "
MS023,CRANIOTOMY W MAJOR DEVICE IMPLANT OR ACUTE COMPLEX CNS PDX W MCC OR CHEMOTHERAPY IMPLANT OR EPILEPSY W NEUROSTIMULATOR,"$147,927 "
MS024,CRANIO W MAJOR DEV IMPL/ACUTE COMPLEX CNS PDX W/O MCC,"$101,466 "
MS025,CRANIOTOMY & ENDOVASCULAR INTRACRANIAL PROCEDURES W MCC,"$144,391 "
MS026,CRANIOTOMY & ENDOVASCULAR INTRACRANIAL PROCEDURES W CC,"$107,131 "
MS027,CRANIOTOMY & ENDOVASCULAR INTRACRANIAL PROCEDURES W/O CC/MCC,"$104,396 "
MS028,SPINAL PROCEDURES W MCC,"$245,297 "
MS029,SPINAL PROCEDURES W CC OR SPINAL NEUROSTIMULATORS,"$154,120 "
MS030,SPINAL PROCEDURES W/O CC/MCC,"$113,948 "
MS031,VENTRICULAR SHUNT PROCEDURES W MCC,"$123,759 "
MS032,VENTRICULAR SHUNT PROCEDURES W CC,"$64,422 "
MS033,VENTRICULAR SHUNT PROCEDURES W/O CC/MCC,"$55,899 "
MS034,CAROTID ARTERY STENT PROCEDURE W MCC,"$145,181 "
MS035,CAROTID ARTERY STENT PROCEDURE W CC,"$77,772 "
MS036,CAROTID ARTERY STENT PROCEDURE W/O CC/MCC,"$54,923 "
MS037,EXTRACRANIAL PROCEDURES W MCC,"$142,748 "
MS038,EXTRACRANIAL PROCEDURES W CC,"$101,604 "
MS039,EXTRACRANIAL PROCEDURES W/O CC/MCC,"$64,709 "
MS040,PERIPH/CRANIAL NERVE & OTHER NERV SYST PROC W MCC,"$121,276 "
MS041,PERIPH/CRANIAL NERVE & OTHER NERV SYST PROC W CC OR PERIPH NEUROSTIM,"$73,366 "
MS042,PERIPH/CRANIAL NERVE & OTHER NERV SYST PROC W/O CC/MCC,"$73,449 "
MS052,SPINAL DISORDERS & INJURIES W CC/MCC,"$47,225 "
MS053,SPINAL DISORDERS & INJURIES W/O CC/MCC,"$45,213 "
MS054,NERVOUS SYSTEM NEOPLASMS W MCC,"$47,867 "
MS055,NERVOUS SYSTEM NEOPLASMS W/O MCC,"$39,122 "
MS056,DEGENERATIVE NERVOUS SYSTEM DISORDERS W MCC,"$56,910 "
MS057,DEGENERATIVE NERVOUS SYSTEM DISORDERS W/O MCC,"$31,420 "
MS058,MULTIPLE SCLEROSIS & CEREBELLAR ATAXIA W MCC,"$111,731 "
MS059,MULTIPLE SCLEROSIS & CEREBELLAR ATAXIA W CC,"$42,113 "
MS060,MULTIPLE SCLEROSIS & CEREBELLAR ATAXIA W/O CC/MCC,"$35,207 "
MS061,"ISCHEMIC STROKE, PRECEREBRAL OCCLUSION OR TRANSIENT ISCHEMIA W THROMBOLYTIC AGENT W MCC","$105,466 "
MS062,"ISCHEMIC STROKE, PRECEREBRAL OCCLUSION OR TRANSIENT ISCHEMIA W THROMBOLYTIC AGENT W CC","$73,042 "
MS063,"ISCHEMIC STROKE, PRECEREBRAL OCCLUSION OR TRANSIENT ISCHEMIA W THROMBOLYTIC AGENT W/O CC/MCC","$69,543 "
MS064,INTRACRANIAL HEMORRHAGE OR CEREBRAL INFARCTION W MCC,"$59,699 "
MS065,INTRACRANIAL HEMORRHAGE OR CEREBRAL INFARCTION W CC OR TPA IN 24 HRS,"$44,948 "
MS066,INTRACRANIAL HEMORRHAGE OR CEREBRAL INFARCTION W/O CC/MCC,"$34,606 "
MS067,NONSPECIFIC CVA & PRECEREBRAL OCCLUSION W/O INFARCT W MCC,"$51,484 "
MS068,NONSPECIFIC CVA & PRECEREBRAL OCCLUSION W/O INFARCT W/O MCC,"$40,860 "
MS069,TRANSIENT ISCHEMIA W/O THROMBOLYTIC,"$38,009 "
MS070,NONSPECIFIC CEREBROVASCULAR DISORDERS W MCC,"$47,500 "
MS071,NONSPECIFIC CEREBROVASCULAR DISORDERS W CC,"$60,372 "
MS072,NONSPECIFIC CEREBROVASCULAR DISORDERS W/O CC/MCC,"$54,553 "
MS073,CRANIAL & PERIPHERAL NERVE DISORDERS W MCC,"$57,164 "
MS074,CRANIAL & PERIPHERAL NERVE DISORDERS W/O MCC,"$39,713 "
MS075,VIRAL MENINGITIS W CC/MCC,"$50,011 "
MS077,HYPERTENSIVE ENCEPHALOPATHY W MCC,"$73,442 "
MS078,HYPERTENSIVE ENCEPHALOPATHY W CC,"$37,380 "
MS080,NONTRAUMATIC STUPOR & COMA W MCC,"$22,866 "
MS081,NONTRAUMATIC STUPOR & COMA W/O MCC,"$39,423 "
MS082,"TRAUMATIC STUPOR & COMA, COMA >1 HR W MCC","$58,058 "
MS083,"TRAUMATIC STUPOR & COMA, COMA >1 HR W CC","$50,712 "
MS084,"TRAUMATIC STUPOR & COMA, COMA >1 HR W/O CC/MCC","$35,729 "
MS085,"TRAUMATIC STUPOR & COMA, COMA <1 HR W MCC","$62,673 "
MS086,"TRAUMATIC STUPOR & COMA, COMA <1 HR W CC","$45,047 "
MS087,"TRAUMATIC STUPOR & COMA, COMA <1 HR W/O CC/MCC","$27,258 "
MS090,CONCUSSION W/O CC/MCC,"$21,128 "
MS091,OTHER DISORDERS OF NERVOUS SYSTEM W MCC,"$69,101 "
MS092,OTHER DISORDERS OF NERVOUS SYSTEM W CC,"$41,608 "
MS093,OTHER DISORDERS OF NERVOUS SYSTEM W/O CC/MCC,"$31,415 "
MS094,BACTERIAL & TUBERCULOUS INFECTIONS OF NERVOUS SYSTEM W MCC,"$96,261 "
MS095,BACTERIAL & TUBERCULOUS INFECTIONS OF NERVOUS SYSTEM W CC,"$75,885 "
MS096,BACTERIAL & TUBERCULOUS INFECTIONS OF NERVOUS SYSTEM W/O CC/MCC,"$149,377 "
MS097,NON-BACTERIAL INFECT OF NERVOUS SYS EXC VIRAL MENINGITIS W MCC,"$121,465 "
MS098,NON-BACTERIAL INFECT OF NERVOUS SYS EXC VIRAL MENINGITIS W CC,"$119,619 "
MS099,NON-BACTERIAL INFECT OF NERVOUS SYS EXC VIRAL MENINGITIS W/O CC/MCC,"$56,227 "
MS100,SEIZURES W MCC,"$63,325 "
MS101,SEIZURES W/O MCC,"$32,154 "
MS102,HEADACHES W MCC,"$40,140 "
MS103,HEADACHES W/O MCC,"$33,182 "
MS113,ORBITAL PROCEDURES W CC/MCC,"$89,858 "
MS115,EXTRAOCULAR PROCEDURES EXCEPT ORBIT,"$95,907 "
MS116,INTRAOCULAR PROCEDURES W CC/MCC,"$74,705 "
MS117,INTRAOCULAR PROCEDURES W/O CC/MCC,"$64,174 "
MS121,ACUTE MAJOR EYE INFECTIONS W CC/MCC,"$30,823 "
MS122,ACUTE MAJOR EYE INFECTIONS W/O CC/MCC,"$55,766 "
MS123,NEUROLOGICAL EYE DISORDERS,"$33,574 "
MS124,OTHER DISORDERS OF THE EYE W MCC,"$88,777 "
MS125,OTHER DISORDERS OF THE EYE W/O MCC,"$29,180 "
MS129,MAJOR HEAD & NECK PROCEDURES W CC/MCC OR MAJOR DEVICE,"$128,999 "
MS130,MAJOR HEAD & NECK PROCEDURES W/O CC/MCC,"$97,839 "
MS131,CRANIAL/FACIAL PROCEDURES W CC/MCC,"$77,649 "
MS132,CRANIAL/FACIAL PROCEDURES W/O CC/MCC,"$78,218 "
MS133,"OTHER EAR, NOSE, MOUTH & THROAT O.R. PROCEDURES W CC/MCC","$68,515 "
MS134,"OTHER EAR, NOSE, MOUTH & THROAT O.R. PROCEDURES W/O CC/MCC","$50,130 "
MS135,SINUS & MASTOID PROCEDURES W CC/MCC,"$11,647 "
MS137,MOUTH PROCEDURES W CC/MCC,"$72,499 "
MS138,MOUTH PROCEDURES W/O CC/MCC,"$55,548 "
MS139,SALIVARY GLAND PROCEDURES,"$63,847 "
MS146,"EAR, NOSE, MOUTH & THROAT MALIGNANCY W MCC","$67,477 "
MS147,"EAR, NOSE, MOUTH & THROAT MALIGNANCY W CC","$56,302 "
MS149,DYSEQUILIBRIUM,"$35,568 "
MS151,EPISTAXIS W/O MCC,"$34,368 "
MS152,OTITIS MEDIA & URI W MCC,"$31,234 "
MS153,OTITIS MEDIA & URI W/O MCC,"$23,812 "
MS154,"OTHER EAR, NOSE, MOUTH & THROAT DIAGNOSES W MCC","$48,826 "
MS155,"OTHER EAR, NOSE, MOUTH & THROAT DIAGNOSES W CC","$48,875 "
MS156,"OTHER EAR, NOSE, MOUTH & THROAT DIAGNOSES W/O CC/MCC","$8,180 "
MS157,DENTAL & ORAL DISEASES W MCC,"$64,340 "
MS158,DENTAL & ORAL DISEASES W CC,"$26,657 "
MS159,DENTAL & ORAL DISEASES W/O CC/MCC,"$28,750 "
MS163,MAJOR CHEST PROCEDURES W MCC,"$136,409 "
MS164,MAJOR CHEST PROCEDURES W CC,"$85,233 "
MS165,MAJOR CHEST PROCEDURES W/O CC/MCC,"$67,547 "
MS166,OTHER RESP SYSTEM O.R. PROCEDURES W MCC,"$134,400 "
MS167,OTHER RESP SYSTEM O.R. PROCEDURES W CC,"$65,405 "
MS168,OTHER RESP SYSTEM O.R. PROCEDURES W/O CC/MCC,"$50,594 "
MS175,PULMONARY EMBOLISM W MCC,"$62,154 "
MS176,PULMONARY EMBOLISM W/O MCC,"$34,063 "
MS177,RESPIRATORY INFECTIONS & INFLAMMATIONS W MCC,"$61,923 "
MS178,RESPIRATORY INFECTIONS & INFLAMMATIONS W CC,"$37,696 "
MS179,RESPIRATORY INFECTIONS & INFLAMMATIONS W/O CC/MCC,"$31,946 "
MS180,RESPIRATORY NEOPLASMS W MCC,"$50,521 "
MS181,RESPIRATORY NEOPLASMS W CC,"$37,089 "
MS182,RESPIRATORY NEOPLASMS W/O CC/MCC,"$13,640 "
MS183,MAJOR CHEST TRAUMA W MCC,"$41,679 "
MS184,MAJOR CHEST TRAUMA W CC,"$36,949 "
MS185,MAJOR CHEST TRAUMA W/O CC/MCC,"$35,948 "
MS186,PLEURAL EFFUSION W MCC,"$48,402 "
MS187,PLEURAL EFFUSION W CC,"$30,962 "
MS188,PLEURAL EFFUSION W/O CC/MCC,"$22,776 "
MS189,PULMONARY EDEMA & RESPIRATORY FAILURE,"$61,680 "
MS190,CHRONIC OBSTRUCTIVE PULMONARY DISEASE W MCC,"$44,021 "
MS191,CHRONIC OBSTRUCTIVE PULMONARY DISEASE W CC,"$31,680 "
MS192,CHRONIC OBSTRUCTIVE PULMONARY DISEASE W/O CC/MCC,"$25,359 "
MS193,SIMPLE PNEUMONIA & PLEURISY W MCC,"$46,499 "
MS194,SIMPLE PNEUMONIA & PLEURISY W CC,"$32,809 "
MS195,SIMPLE PNEUMONIA & PLEURISY W/O CC/MCC,"$23,209 "
MS196,INTERSTITIAL LUNG DISEASE W MCC,"$75,506 "
MS197,INTERSTITIAL LUNG DISEASE W CC,"$34,746 "
MS198,INTERSTITIAL LUNG DISEASE W/O CC/MCC,"$8,802 "
MS199,PNEUMOTHORAX W MCC,"$81,196 "
MS200,PNEUMOTHORAX W CC,"$34,771 "
MS201,PNEUMOTHORAX W/O CC/MCC,"$18,223 "
MS202,BRONCHITIS & ASTHMA W CC/MCC,"$34,662 "
MS203,BRONCHITIS & ASTHMA W/O CC/MCC,"$26,684 "
MS204,RESPIRATORY SIGNS & SYMPTOMS,"$21,054 "
MS205,OTHER RESPIRATORY SYSTEM DIAGNOSES W MCC,"$51,201 "
MS206,OTHER RESPIRATORY SYSTEM DIAGNOSES W/O MCC,"$32,546 "
MS207,RESPIRATORY SYSTEM DIAGNOSIS W VENTILATOR SUPPORT >96 HOURS OR PERIPHERAL EXTRACORPOREAL MEMBRANE OXYGENATION (ECMO),"$195,422 "
MS208,RESPIRATORY SYSTEM DIAGNOSIS W VENTILATOR SUPPORT <=96 HOURS,"$85,334 "
MS215,OTHER HEART ASSIST SYSTEM IMPLANT,"$386,370 "
MS216,CARDIAC VALVE & OTH MAJ CARDIOTHORACIC PROC W CARD CATH W MCC,"$336,275 "
MS217,CARDIAC VALVE & OTH MAJ CARDIOTHORACIC PROC W CARD CATH W CC,"$225,119 "
MS219,CARDIAC VALVE & OTH MAJ CARDIOTHORACIC PROC W/O CARD CATH W MCC,"$276,908 "
MS220,CARDIAC VALVE & OTH MAJ CARDIOTHORACIC PROC W/O CARD CATH W CC,"$190,115 "
MS221,CARDIAC VALVE & OTH MAJ CARDIOTHORACIC PROC W/O CARD CATH W/O CC/MCC,"$171,188 "
MS222,CARDIAC DEFIB IMPLANT W CARDIAC CATH W AMI/HF/SHOCK W MCC,"$279,380 "
MS224,CARDIAC DEFIB IMPLANT W CARDIAC CATH W/O AMI/HF/SHOCK W MCC,"$278,501 "
MS225,CARDIAC DEFIB IMPLANT W CARDIAC CATH W/O AMI/HF/SHOCK W/O MCC,"$140,593 "
MS226,CARDIAC DEFIBRILLATOR IMPLANT W/O CARDIAC CATH W MCC,"$141,924 "
MS227,CARDIAC DEFIBRILLATOR IMPLANT W/O CARDIAC CATH W/O MCC,"$102,975 "
MS228,OTHER CARDIOTHORACIC PROCEDURES W MCC,"$231,623 "
MS229,OTHER CARDIOTHORACIC PROCEDURES W/O MCC,"$120,615 "
MS231,CORONARY BYPASS W PTCA W MCC,"$276,001 "
MS232,CORONARY BYPASS W PTCA W/O MCC,"$316,656 "
MS233,CORONARY BYPASS W CARDIAC CATH W MCC,"$294,256 "
MS234,CORONARY BYPASS W CARDIAC CATH W/O MCC,"$227,762 "
MS235,CORONARY BYPASS W/O CARDIAC CATH W MCC,"$217,818 "
MS236,CORONARY BYPASS W/O CARDIAC CATH W/O MCC,"$186,891 "
MS239,AMPUTATION FOR CIRC SYS DISORDERS EXC UPPER LIMB & TOE W MCC,"$183,852 "
MS240,AMPUTATION FOR CIRC SYS DISORDERS EXC UPPER LIMB & TOE W CC,"$119,351 "
MS241,AMPUTATION FOR CIRC SYS DISORDERS EXC UPPER LIMB & TOE W/O CC/MCC,"$65,393 "
MS242,PERMANENT CARDIAC PACEMAKER IMPLANT W MCC,"$88,694 "
MS243,PERMANENT CARDIAC PACEMAKER IMPLANT W CC,"$56,072 "
MS244,PERMANENT CARDIAC PACEMAKER IMPLANT W/O CC/MCC,"$48,704 "
MS245,AICD GENERATOR PROCEDURES,"$142,420 "
MS246,PERCUTANEOUS CARDIOVASCULAR PROCEDURES W DRUG-ELUTING STENT W MCC OR 4+ ARTERIES OR STENTS,"$121,102 "
MS247,PERC CARDIOVASC PROC W DRUG-ELUTING STENT W/O MCC,"$78,822 "
MS248,PERCUTANEOUS CARDIOVASCULAR PROCEDURES W NON-DRUG-ELUTING STENT W MCC OR 4+ ARTERIES OR STENTS,"$145,498 "
MS249,PERC CARDIOVASC PROC W NON-DRUG-ELUTING STENT W/O MCC,"$103,782 "
MS250,PERC CARDIOVASC PROC W/O CORONARY ARTERY STENT W MCC,"$100,184 "
MS251,PERC CARDIOVASC PROC W/O CORONARY ARTERY STENT W/O MCC,"$87,993 "
MS252,OTHER VASCULAR PROCEDURES W MCC,"$109,665 "
MS253,OTHER VASCULAR PROCEDURES W CC,"$83,594 "
MS254,OTHER VASCULAR PROCEDURES W/O CC/MCC,"$87,791 "
MS255,UPPER LIMB & TOE AMPUTATION FOR CIRC SYSTEM DISORDERS W MCC,"$124,654 "
MS256,UPPER LIMB & TOE AMPUTATION FOR CIRC SYSTEM DISORDERS W CC,"$62,118 "
MS257,UPPER LIMB & TOE AMPUTATION FOR CIRC SYSTEM DISORDERS W/O CC/MCC,"$32,877 "
MS258,CARDIAC PACEMAKER DEVICE REPLACEMENT W MCC,"$64,045 "
MS259,CARDIAC PACEMAKER DEVICE REPLACEMENT W/O MCC,"$51,276 "
MS260,CARDIAC PACEMAKER REVISION EXCEPT DEVICE REPLACEMENT W MCC,"$122,982 "
MS261,CARDIAC PACEMAKER REVISION EXCEPT DEVICE REPLACEMENT W CC,"$72,766 "
MS262,CARDIAC PACEMAKER REVISION EXCEPT DEVICE REPLACEMENT W/O CC/MCC,"$42,191 "
MS264,OTHER CIRCULATORY SYSTEM O.R. PROCEDURES,"$208,508 "
MS265,AICD LEAD PROCEDURES,"$95,031 "
MS266,ENDOVASCULAR CARDIAC VALVE REPLACEMENT W MCC,"$240,390 "
MS267,ENDOVASCULAR CARDIAC VALVE REPLACEMENT W/O MCC,"$167,718 "
MS268,AORTIC AND HEART ASSIST PROCEDURES EXCEPT PULSATION BALLOON W MCC,"$239,474 "
MS269,AORTIC AND HEART ASSIST PROCEDURES EXCEPT PULSATION BALLOON W/O MCC,"$120,413 "
MS270,OTHER MAJOR CARDIOVASCULAR PROCEDURES W MCC,"$229,520 "
MS271,OTHER MAJOR CARDIOVASCULAR PROCEDURES W CC,"$134,021 "
MS272,OTHER MAJOR CARDIOVASCULAR PROCEDURES W/O CC/MCC,"$105,713 "
MS273,PERCUTANEOUS INTRACARDIAC PROCEDURES W MCC,"$125,325 "
MS274,PERCUTANEOUS INTRACARDIAC PROCEDURES W/O MCC,"$82,773 "
MS280,"ACUTE MYOCARDIAL INFARCTION, DISCHARGED ALIVE W MCC","$63,030 "
MS281,"ACUTE MYOCARDIAL INFARCTION, DISCHARGED ALIVE W CC","$45,879 "
MS282,"ACUTE MYOCARDIAL INFARCTION, DISCHARGED ALIVE W/O CC/MCC","$38,251 "
MS283,"ACUTE MYOCARDIAL INFARCTION, EXPIRED W MCC","$63,865 "
MS284,"ACUTE MYOCARDIAL INFARCTION, EXPIRED W CC","$26,180 "
MS286,"CIRCULATORY DISORDERS EXCEPT AMI, W CARD CATH W MCC","$102,197 "
MS287,"CIRCULATORY DISORDERS EXCEPT AMI, W CARD CATH W/O MCC","$53,935 "
MS288,ACUTE & SUBACUTE ENDOCARDITIS W MCC,"$86,078 "
MS289,ACUTE & SUBACUTE ENDOCARDITIS W CC,"$98,442 "
MS291,HEART FAILURE & SHOCK W MCC OR PERIPHERAL EXTRACORPOREAL MEMBRANE OXYGENATION (ECMO),"$51,488 "
MS292,HEART FAILURE & SHOCK W CC,"$37,539 "
MS293,HEART FAILURE & SHOCK W/O CC/MCC,"$25,211 "
MS294,DEEP VEIN THROMBOPHLEBITIS W CC/MCC,"$110,335 "
MS296,"CARDIAC ARREST, UNEXPLAINED W MCC OR PERIPHERAL EXTRACORPOREAL MEMBRANE OXYGENATION (ECMO)","$55,417 "
MS299,PERIPHERAL VASCULAR DISORDERS W MCC,"$49,568 "
MS300,PERIPHERAL VASCULAR DISORDERS W CC,"$43,578 "
MS301,PERIPHERAL VASCULAR DISORDERS W/O CC/MCC,"$29,072 "
MS302,ATHEROSCLEROSIS W MCC,"$45,242 "
MS303,ATHEROSCLEROSIS W/O MCC,"$29,887 "
MS304,HYPERTENSION W MCC,"$56,029 "
MS305,HYPERTENSION W/O MCC,"$30,291 "
MS306,CARDIAC CONGENITAL & VALVULAR DISORDERS W MCC,"$61,490 "
MS307,CARDIAC CONGENITAL & VALVULAR DISORDERS W/O MCC,"$23,359 "
MS308,CARDIAC ARRHYTHMIA & CONDUCTION DISORDERS W MCC,"$44,759 "
MS309,CARDIAC ARRHYTHMIA & CONDUCTION DISORDERS W CC,"$26,410 "
MS310,CARDIAC ARRHYTHMIA & CONDUCTION DISORDERS W/O CC/MCC,"$19,080 "
MS311,ANGINA PECTORIS,"$23,948 "
MS312,SYNCOPE & COLLAPSE,"$32,074 "
MS313,CHEST PAIN,"$22,432 "
MS314,OTHER CIRCULATORY SYSTEM DIAGNOSES W MCC,"$72,654 "
MS315,OTHER CIRCULATORY SYSTEM DIAGNOSES W CC,"$41,721 "
MS316,OTHER CIRCULATORY SYSTEM DIAGNOSES W/O CC/MCC,"$20,048 "
MS326,"STOMACH, ESOPHAGEAL & DUODENAL PROC W MCC","$148,506 "
MS327,"STOMACH, ESOPHAGEAL & DUODENAL PROC W CC","$90,178 "
MS328,"STOMACH, ESOPHAGEAL & DUODENAL PROC W/O CC/MCC","$53,337 "
MS329,MAJOR SMALL & LARGE BOWEL PROCEDURES W MCC,"$142,920 "
MS330,MAJOR SMALL & LARGE BOWEL PROCEDURES W CC,"$82,128 "
MS331,MAJOR SMALL & LARGE BOWEL PROCEDURES W/O CC/MCC,"$52,778 "
MS332,RECTAL RESECTION W MCC,"$51,627 "
MS333,RECTAL RESECTION W CC,"$107,709 "
MS334,RECTAL RESECTION W/O CC/MCC,"$50,113 "
MS335,PERITONEAL ADHESIOLYSIS W MCC,"$90,376 "
MS336,PERITONEAL ADHESIOLYSIS W CC,"$100,686 "
MS337,PERITONEAL ADHESIOLYSIS W/O CC/MCC,"$65,030 "
MS338,APPENDECTOMY W COMPLICATED PRINCIPAL DIAG W MCC,"$141,128 "
MS339,APPENDECTOMY W COMPLICATED PRINCIPAL DIAG W CC,"$70,889 "
MS340,APPENDECTOMY W COMPLICATED PRINCIPAL DIAG W/O CC/MCC,"$45,020 "
MS342,APPENDECTOMY W/O COMPLICATED PRINCIPAL DIAG W CC,"$38,360 "
MS343,APPENDECTOMY W/O COMPLICATED PRINCIPAL DIAG W/O CC/MCC,"$40,830 "
MS344,MINOR SMALL & LARGE BOWEL PROCEDURES W MCC,"$71,524 "
MS345,MINOR SMALL & LARGE BOWEL PROCEDURES W CC,"$36,280 "
MS346,MINOR SMALL & LARGE BOWEL PROCEDURES W/O CC/MCC,"$40,544 "
MS347,ANAL & STOMAL PROCEDURES W MCC,"$81,570 "
MS348,ANAL & STOMAL PROCEDURES W CC,"$64,178 "
MS349,ANAL & STOMAL PROCEDURES W/O CC/MCC,"$33,480 "
MS350,INGUINAL & FEMORAL HERNIA PROCEDURES W MCC,"$105,936 "
MS351,INGUINAL & FEMORAL HERNIA PROCEDURES W CC,"$48,470 "
MS352,INGUINAL & FEMORAL HERNIA PROCEDURES W/O CC/MCC,"$41,384 "
MS353,HERNIA PROCEDURES EXCEPT INGUINAL & FEMORAL W MCC,"$95,487 "
MS354,HERNIA PROCEDURES EXCEPT INGUINAL & FEMORAL W CC,"$49,614 "
MS355,HERNIA PROCEDURES EXCEPT INGUINAL & FEMORAL W/O CC/MCC,"$42,513 "
MS356,OTHER DIGESTIVE SYSTEM O.R. PROCEDURES W MCC,"$130,242 "
MS357,OTHER DIGESTIVE SYSTEM O.R. PROCEDURES W CC,"$76,416 "
MS358,OTHER DIGESTIVE SYSTEM O.R. PROCEDURES W/O CC/MCC,"$75,953 "
MS368,MAJOR ESOPHAGEAL DISORDERS W MCC,"$73,882 "
MS369,MAJOR ESOPHAGEAL DISORDERS W CC,"$34,181 "
MS371,MAJOR GASTROINTESTINAL DISORDERS & PERITONEAL INFECTIONS W MCC,"$61,333 "
MS372,MAJOR GASTROINTESTINAL DISORDERS & PERITONEAL INFECTIONS W CC,"$40,162 "
MS373,MAJOR GASTROINTESTINAL DISORDERS & PERITONEAL INFECTIONS W/O CC/MCC,"$27,530 "
MS374,DIGESTIVE MALIGNANCY W MCC,"$79,009 "
MS375,DIGESTIVE MALIGNANCY W CC,"$37,309 "
MS376,DIGESTIVE MALIGNANCY W/O CC/MCC,"$16,523 "
MS377,G.I. HEMORRHAGE W MCC,"$57,752 "
MS378,G.I. HEMORRHAGE W CC,"$35,391 "
MS379,G.I. HEMORRHAGE W/O CC/MCC,"$25,985 "
MS380,COMPLICATED PEPTIC ULCER W MCC,"$52,531 "
MS381,COMPLICATED PEPTIC ULCER W CC,"$42,836 "
MS382,COMPLICATED PEPTIC ULCER W/O CC/MCC,"$27,022 "
MS383,UNCOMPLICATED PEPTIC ULCER W MCC,"$48,566 "
MS384,UNCOMPLICATED PEPTIC ULCER W/O MCC,"$39,484 "
MS385,INFLAMMATORY BOWEL DISEASE W MCC,"$75,180 "
MS386,INFLAMMATORY BOWEL DISEASE W CC,"$34,850 "
MS387,INFLAMMATORY BOWEL DISEASE W/O CC/MCC,"$44,191 "
MS388,G.I. OBSTRUCTION W MCC,"$34,594 "
MS389,G.I. OBSTRUCTION W CC,"$27,487 "
MS390,G.I. OBSTRUCTION W/O CC/MCC,"$18,759 "
MS391,"ESOPHAGITIS, GASTROENT & MISC DIGEST DISORDERS W MCC","$42,659 "
MS392,"ESOPHAGITIS, GASTROENT & MISC DIGEST DISORDERS W/O MCC","$30,024 "
MS393,OTHER DIGESTIVE SYSTEM DIAGNOSES W MCC,"$67,736 "
MS394,OTHER DIGESTIVE SYSTEM DIAGNOSES W CC,"$31,597 "
MS395,OTHER DIGESTIVE SYSTEM DIAGNOSES W/O CC/MCC,"$21,671 "
MS405,"PANCREAS, LIVER & SHUNT PROCEDURES W MCC","$177,056 "
MS406,"PANCREAS, LIVER & SHUNT PROCEDURES W CC","$140,864 "
MS407,"PANCREAS, LIVER & SHUNT PROCEDURES W/O CC/MCC","$103,366 "
MS408,BILIARY TRACT PROC EXCEPT ONLY CHOLECYST W OR W/O C.D.E. W MCC,"$100,380 "
MS409,BILIARY TRACT PROC EXCEPT ONLY CHOLECYST W OR W/O C.D.E. W CC,"$108,727 "
MS410,BILIARY TRACT PROC EXCEPT ONLY CHOLECYST W OR W/O C.D.E. W/O CC/MCC,"$49,475 "
MS412,CHOLECYSTECTOMY W C.D.E. W CC,"$90,814 "
MS413,CHOLECYSTECTOMY W C.D.E. W/O CC/MCC,"$60,229 "
MS414,CHOLECYSTECTOMY EXCEPT BY LAPAROSCOPE W/O C.D.E. W MCC,"$149,188 "
MS415,CHOLECYSTECTOMY EXCEPT BY LAPAROSCOPE W/O C.D.E. W CC,"$69,057 "
MS416,CHOLECYSTECTOMY EXCEPT BY LAPAROSCOPE W/O C.D.E. W/O CC/MCC,"$20,268 "
MS417,LAPAROSCOPIC CHOLECYSTECTOMY W/O C.D.E. W MCC,"$90,279 "
MS418,LAPAROSCOPIC CHOLECYSTECTOMY W/O C.D.E. W CC,"$69,937 "
MS419,LAPAROSCOPIC CHOLECYSTECTOMY W/O C.D.E. W/O CC/MCC,"$59,896 "
MS420,HEPATOBILIARY DIAGNOSTIC PROCEDURES W MCC,"$138,424 "
MS421,HEPATOBILIARY DIAGNOSTIC PROCEDURES W CC,"$69,427 "
MS423,OTHER HEPATOBILIARY OR PANCREAS O.R. PROCEDURES W MCC,"$137,234 "
MS424,OTHER HEPATOBILIARY OR PANCREAS O.R. PROCEDURES W CC,"$80,823 "
MS425,OTHER HEPATOBILIARY OR PANCREAS O.R. PROCEDURES W/O CC/MCC,"$141,016 "
MS432,CIRRHOSIS & ALCOHOLIC HEPATITIS W MCC,"$72,477 "
MS433,CIRRHOSIS & ALCOHOLIC HEPATITIS W CC,"$37,625 "
MS434,CIRRHOSIS & ALCOHOLIC HEPATITIS W/O CC/MCC,"$18,860 "
MS435,MALIGNANCY OF HEPATOBILIARY SYSTEM OR PANCREAS W MCC,"$58,198 "
MS436,MALIGNANCY OF HEPATOBILIARY SYSTEM OR PANCREAS W CC,"$48,400 "
MS437,MALIGNANCY OF HEPATOBILIARY SYSTEM OR PANCREAS W/O CC/MCC,"$13,240 "
MS438,DISORDERS OF PANCREAS EXCEPT MALIGNANCY W MCC,"$50,647 "
MS439,DISORDERS OF PANCREAS EXCEPT MALIGNANCY W CC,"$36,429 "
MS440,DISORDERS OF PANCREAS EXCEPT MALIGNANCY W/O CC/MCC,"$25,359 "
MS441,"DISORDERS OF LIVER EXCEPT MALIG,CIRR,ALC HEPA W MCC","$74,108 "
MS442,"DISORDERS OF LIVER EXCEPT MALIG,CIRR,ALC HEPA W CC","$35,456 "
MS443,"DISORDERS OF LIVER EXCEPT MALIG,CIRR,ALC HEPA W/O CC/MCC","$26,313 "
MS444,DISORDERS OF THE BILIARY TRACT W MCC,"$67,827 "
MS445,DISORDERS OF THE BILIARY TRACT W CC,"$41,727 "
MS446,DISORDERS OF THE BILIARY TRACT W/O CC/MCC,"$27,255 "
MS453,COMBINED ANTERIOR/POSTERIOR SPINAL FUSION W MCC,"$368,775 "
MS454,COMBINED ANTERIOR/POSTERIOR SPINAL FUSION W CC,"$261,624 "
MS455,COMBINED ANTERIOR/POSTERIOR SPINAL FUSION W/O CC/MCC,"$183,493 "
MS456,SPINAL FUS EXC CERV W SPINAL CURV/MALIG/INFEC OR EXT FUS W MCC,"$247,377 "
MS457,SPINAL FUS EXC CERV W SPINAL CURV/MALIG/INFEC OR EXT FUS W CC,"$181,193 "
MS458,SPINAL FUS EXC CERV W SPINAL CURV/MALIG/INFEC OR EXT FUS W/O CC/MCC,"$144,282 "
MS459,SPINAL FUSION EXCEPT CERVICAL W MCC,"$171,161 "
MS460,SPINAL FUSION EXCEPT CERVICAL W/O MCC,"$120,289 "
MS462,BILATERAL OR MULTIPLE MAJOR JOINT PROCS OF LOWER EXTREMITY W/O MCC,"$136,072 "
MS463,"WND DEBRID & SKN GRFT EXC HAND, FOR MUSCULO-CONN TISS DIS W MCC","$171,999 "
MS464,"WND DEBRID & SKN GRFT EXC HAND, FOR MUSCULO-CONN TISS DIS W CC","$114,520 "
MS465,"WND DEBRID & SKN GRFT EXC HAND, FOR MUSCULO-CONN TISS DIS W/O CC/MCC","$68,554 "
MS466,REVISION OF HIP OR KNEE REPLACEMENT W MCC,"$181,668 "
MS467,REVISION OF HIP OR KNEE REPLACEMENT W CC,"$101,263 "
MS468,REVISION OF HIP OR KNEE REPLACEMENT W/O CC/MCC,"$69,913 "
MS469,MAJOR HIP AND KNEE JOINT REPLACEMENT OR REATTACHMENT OF LOWER EXTREMITY W MCC OR TOTAL ANKLE REPLACEMENT,"$111,832 "
MS470,MAJOR HIP AND KNEE JOINT REPLACEMENT OR REATTACHMENT OF LOWER EXTREMITY W/O MCC,"$61,299 "
MS471,CERVICAL SPINAL FUSION W MCC,"$190,020 "
MS472,CERVICAL SPINAL FUSION W CC,"$122,427 "
MS473,CERVICAL SPINAL FUSION W/O CC/MCC,"$99,330 "
MS474,AMPUTATION FOR MUSCULOSKELETAL SYS & CONN TISSUE DIS W MCC,"$127,707 "
MS475,AMPUTATION FOR MUSCULOSKELETAL SYS & CONN TISSUE DIS W CC,"$114,094 "
MS476,AMPUTATION FOR MUSCULOSKELETAL SYS & CONN TISSUE DIS W/O CC/MCC,"$66,037 "
MS477,BIOPSIES OF MUSCULOSKELETAL SYSTEM & CONNECTIVE TISSUE W MCC,"$82,072 "
MS478,BIOPSIES OF MUSCULOSKELETAL SYSTEM & CONNECTIVE TISSUE W CC,"$87,446 "
MS479,BIOPSIES OF MUSCULOSKELETAL SYSTEM & CONNECTIVE TISSUE W/O CC/MCC,"$63,013 "
MS480,HIP & FEMUR PROCEDURES EXCEPT MAJOR JOINT W MCC,"$99,832 "
MS481,HIP & FEMUR PROCEDURES EXCEPT MAJOR JOINT W CC,"$75,941 "
MS482,HIP & FEMUR PROCEDURES EXCEPT MAJOR JOINT W/O CC/MCC,"$61,028 "
MS483,MAJOR JOINT/LIMB REATTACHMENT PROCEDURE OF UPPER EXTREMITIES,"$78,341 "
MS486,KNEE PROCEDURES W PDX OF INFECTION W CC,"$67,272 "
MS488,KNEE PROCEDURES W/O PDX OF INFECTION W CC/MCC,"$59,842 "
MS489,KNEE PROCEDURES W/O PDX OF INFECTION W/O CC/MCC,"$42,058 "
MS492,"LOWER EXTREM & HUMER PROC EXCEPT HIP,FOOT,FEMUR W MCC","$112,125 "
MS493,"LOWER EXTREM & HUMER PROC EXCEPT HIP,FOOT,FEMUR W CC","$78,566 "
MS494,"LOWER EXTREM & HUMER PROC EXCEPT HIP,FOOT,FEMUR W/O CC/MCC","$59,381 "
MS495,LOCAL EXCISION & REMOVAL INT FIX DEVICES EXC HIP & FEMUR W MCC,"$145,449 "
MS496,LOCAL EXCISION & REMOVAL INT FIX DEVICES EXC HIP & FEMUR W CC,"$82,943 "
MS497,LOCAL EXCISION & REMOVAL INT FIX DEVICES EXC HIP & FEMUR W/O CC/MCC,"$63,822 "
MS498,LOCAL EXCISION & REMOVAL INT FIX DEVICES OF HIP & FEMUR W CC/MCC,"$185,873 "
MS499,LOCAL EXCISION & REMOVAL INT FIX DEVICES OF HIP & FEMUR W/O CC/MCC,"$48,198 "
MS500,SOFT TISSUE PROCEDURES W MCC,"$130,205 "
MS501,SOFT TISSUE PROCEDURES W CC,"$76,882 "
MS502,SOFT TISSUE PROCEDURES W/O CC/MCC,"$49,099 "
MS503,FOOT PROCEDURES W MCC,"$51,934 "
MS504,FOOT PROCEDURES W CC,"$64,914 "
MS505,FOOT PROCEDURES W/O CC/MCC,"$33,839 "
MS506,MAJOR THUMB OR JOINT PROCEDURES,"$55,142 "
MS507,MAJOR SHOULDER OR ELBOW JOINT PROCEDURES W CC/MCC,"$78,101 "
MS508,MAJOR SHOULDER OR ELBOW JOINT PROCEDURES W/O CC/MCC,"$87,121 "
MS511,"SHOULDER,ELBOW OR FOREARM PROC,EXC MAJOR JOINT PROC W CC","$68,978 "
MS512,"SHOULDER,ELBOW OR FOREARM PROC,EXC MAJOR JOINT PROC W/O CC/MCC","$61,577 "
MS513,"HAND OR WRIST PROC, EXCEPT MAJOR THUMB OR JOINT PROC W CC/MCC","$67,629 "
MS514,"HAND OR WRIST PROC, EXCEPT MAJOR THUMB OR JOINT PROC W/O CC/MCC","$41,792 "
MS515,OTHER MUSCULOSKELET SYS & CONN TISS O.R. PROC W MCC,"$98,752 "
MS516,OTHER MUSCULOSKELET SYS & CONN TISS O.R. PROC W CC,"$75,097 "
MS517,OTHER MUSCULOSKELET SYS & CONN TISS O.R. PROC W/O CC/MCC,"$61,426 "
MS518,BACK & NECK PROC EXC SPINAL FUSION W MCC OR DISC DEVICE/NEUROSTIM,"$105,751 "
MS519,BACK & NECK PROC EXC SPINAL FUSION W CC,"$87,038 "
MS520,BACK & NECK PROC EXC SPINAL FUSION W/O CC/MCC,"$61,121 "
MS533,FRACTURES OF FEMUR W MCC,"$49,386 "
MS534,FRACTURES OF FEMUR W/O MCC,"$29,089 "
MS535,FRACTURES OF HIP & PELVIS W MCC,"$69,455 "
MS536,FRACTURES OF HIP & PELVIS W/O MCC,"$29,452 "
MS537,"SPRAINS, STRAINS, & DISLOCATIONS OF HIP, PELVIS & THIGH W CC/MCC","$74,060 "
MS539,OSTEOMYELITIS W MCC,"$87,581 "
MS540,OSTEOMYELITIS W CC,"$48,475 "
MS541,OSTEOMYELITIS W/O CC/MCC,"$33,126 "
MS542,PATHOLOGICAL FRACTURES & MUSCULOSKELET & CONN TISS MALIG W MCC,"$57,767 "
MS543,PATHOLOGICAL FRACTURES & MUSCULOSKELET & CONN TISS MALIG W CC,"$35,558 "
MS544,PATHOLOGICAL FRACTURES & MUSCULOSKELET & CONN TISS MALIG W/O CC/MCC,"$31,340 "
MS545,CONNECTIVE TISSUE DISORDERS W MCC,"$61,238 "
MS546,CONNECTIVE TISSUE DISORDERS W CC,"$52,316 "
MS547,CONNECTIVE TISSUE DISORDERS W/O CC/MCC,"$40,543 "
MS548,SEPTIC ARTHRITIS W MCC,"$97,638 "
MS549,SEPTIC ARTHRITIS W CC,"$17,445 "
MS550,SEPTIC ARTHRITIS W/O CC/MCC,"$36,160 "
MS551,MEDICAL BACK PROBLEMS W MCC,"$60,545 "
MS552,MEDICAL BACK PROBLEMS W/O MCC,"$38,697 "
MS553,BONE DISEASES & ARTHROPATHIES W MCC,"$40,689 "
MS554,BONE DISEASES & ARTHROPATHIES W/O MCC,"$32,462 "
MS555,SIGNS & SYMPTOMS OF MUSCULOSKELETAL SYSTEM & CONN TISSUE W MCC,"$14,916 "
MS556,SIGNS & SYMPTOMS OF MUSCULOSKELETAL SYSTEM & CONN TISSUE W/O MCC,"$37,380 "
MS557,"TENDONITIS, MYOSITIS & BURSITIS W MCC","$86,287 "
MS558,"TENDONITIS, MYOSITIS & BURSITIS W/O MCC","$35,653 "
MS559,"AFTERCARE, MUSCULOSKELETAL SYSTEM & CONNECTIVE TISSUE W MCC","$64,822 "
MS560,"AFTERCARE, MUSCULOSKELETAL SYSTEM & CONNECTIVE TISSUE W CC","$36,754 "
MS561,"AFTERCARE, MUSCULOSKELETAL SYSTEM & CONNECTIVE TISSUE W/O CC/MCC","$20,670 "
MS562,"FX, SPRN, STRN & DISL EXCEPT FEMUR, HIP, PELVIS & THIGH W MCC","$54,927 "
MS563,"FX, SPRN, STRN & DISL EXCEPT FEMUR, HIP, PELVIS & THIGH W/O MCC","$33,984 "
MS564,OTHER MUSCULOSKELETAL SYS & CONNECTIVE TISSUE DIAGNOSES W MCC,"$40,968 "
MS565,OTHER MUSCULOSKELETAL SYS & CONNECTIVE TISSUE DIAGNOSES W CC,"$29,955 "
MS566,OTHER MUSCULOSKELETAL SYS & CONNECTIVE TISSUE DIAGNOSES W/O CC/MCC,"$27,125 "
MS570,SKIN DEBRIDEMENT W MCC,"$108,205 "
MS571,SKIN DEBRIDEMENT W CC,"$42,153 "
MS572,SKIN DEBRIDEMENT W/O CC/MCC,"$33,426 "
MS573,SKIN GRAFT FOR SKIN ULCER OR CELLULITIS W MCC,"$132,288 "
MS574,SKIN GRAFT FOR SKIN ULCER OR CELLULITIS W CC,"$108,875 "
MS575,SKIN GRAFT FOR SKIN ULCER OR CELLULITIS W/O CC/MCC,"$54,785 "
MS576,SKIN GRAFT EXC FOR SKIN ULCER OR CELLULITIS W MCC,"$117,007 "
MS577,SKIN GRAFT EXC FOR SKIN ULCER OR CELLULITIS W CC,"$63,262 "
MS578,SKIN GRAFT EXC FOR SKIN ULCER OR CELLULITIS W/O CC/MCC,"$60,402 "
MS579,"OTHER SKIN, SUBCUT TISS & BREAST PROC W MCC","$60,842 "
MS580,"OTHER SKIN, SUBCUT TISS & BREAST PROC W CC","$58,717 "
MS581,"OTHER SKIN, SUBCUT TISS & BREAST PROC W/O CC/MCC","$61,238 "
MS582,MASTECTOMY FOR MALIGNANCY W CC/MCC,"$60,423 "
MS583,MASTECTOMY FOR MALIGNANCY W/O CC/MCC,"$32,657 "
MS584,"BREAST BIOPSY, LOCAL EXCISION & OTHER BREAST PROCEDURES W CC/MCC","$92,074 "
MS585,"BREAST BIOPSY, LOCAL EXCISION & OTHER BREAST PROCEDURES W/O CC/MCC","$64,977 "
MS592,SKIN ULCERS W MCC,"$15,502 "
MS593,SKIN ULCERS W CC,"$38,835 "
MS595,MAJOR SKIN DISORDERS W MCC,"$32,856 "
MS596,MAJOR SKIN DISORDERS W/O MCC,"$23,861 "
MS597,MALIGNANT BREAST DISORDERS W MCC,"$93,770 "
MS598,MALIGNANT BREAST DISORDERS W CC,"$52,252 "
MS599,MALIGNANT BREAST DISORDERS W/O CC/MCC,"$36,624 "
MS600,NON-MALIGNANT BREAST DISORDERS W CC/MCC,"$45,807 "
MS601,NON-MALIGNANT BREAST DISORDERS W/O CC/MCC,"$13,751 "
MS602,CELLULITIS W MCC,"$52,140 "
MS603,CELLULITIS W/O MCC,"$29,073 "
MS604,"TRAUMA TO THE SKIN, SUBCUT TISS & BREAST W MCC","$51,204 "
MS605,"TRAUMA TO THE SKIN, SUBCUT TISS & BREAST W/O MCC","$44,749 "
MS606,MINOR SKIN DISORDERS W MCC,"$70,359 "
MS607,MINOR SKIN DISORDERS W/O MCC,"$29,880 "
MS614,ADRENAL & PITUITARY PROCEDURES W CC/MCC,"$85,891 "
MS615,ADRENAL & PITUITARY PROCEDURES W/O CC/MCC,"$74,345 "
MS616,"AMPUTAT OF LOWER LIMB FOR ENDOCRINE,NUTRIT,& METABOL DIS W MCC","$114,989 "
MS617,"AMPUTAT OF LOWER LIMB FOR ENDOCRINE,NUTRIT,& METABOL DIS W CC","$91,901 "
MS619,O.R. PROCEDURES FOR OBESITY W MCC,"$74,712 "
MS620,O.R. PROCEDURES FOR OBESITY W CC,"$54,948 "
MS621,O.R. PROCEDURES FOR OBESITY W/O CC/MCC,"$47,001 "
MS622,"SKIN GRAFTS & WOUND DEBRID FOR ENDOC, NUTRIT & METAB DIS W MCC","$142,940 "
MS623,"SKIN GRAFTS & WOUND DEBRID FOR ENDOC, NUTRIT & METAB DIS W CC","$64,437 "
MS624,"SKIN GRAFTS & WOUND DEBRID FOR ENDOC, NUTRIT & METAB DIS W/O CC/MCC","$30,670 "
MS625,"THYROID, PARATHYROID & THYROGLOSSAL PROCEDURES W MCC","$191,082 "
MS626,"THYROID, PARATHYROID & THYROGLOSSAL PROCEDURES W CC","$101,216 "
MS627,"THYROID, PARATHYROID & THYROGLOSSAL PROCEDURES W/O CC/MCC","$59,870 "
MS628,"OTHER ENDOCRINE, NUTRIT & METAB O.R. PROC W MCC","$208,275 "
MS629,"OTHER ENDOCRINE, NUTRIT & METAB O.R. PROC W CC","$79,020 "
MS630,"OTHER ENDOCRINE, NUTRIT & METAB O.R. PROC W/O CC/MCC","$135,440 "
MS637,DIABETES W MCC,"$51,217 "
MS638,DIABETES W CC,"$39,487 "
MS639,DIABETES W/O CC/MCC,"$19,927 "
MS640,"MISC DISORDERS OF NUTRITION,METABOLISM,FLUIDS/ELECTROLYTES W MCC","$50,505 "
MS641,"MISC DISORDERS OF NUTRITION,METABOLISM,FLUIDS/ELECTROLYTES W/O MCC","$33,317 "
MS642,INBORN AND OTHER DISORDERS OF METABOLISM,"$59,744 "
MS643,ENDOCRINE DISORDERS W MCC,"$60,820 "
MS644,ENDOCRINE DISORDERS W CC,"$32,884 "
MS645,ENDOCRINE DISORDERS W/O CC/MCC,"$30,329 "
MS652,KIDNEY TRANSPLANT,"$230,259 "
MS653,MAJOR BLADDER PROCEDURES W MCC,"$252,870 "
MS654,MAJOR BLADDER PROCEDURES W CC,"$195,105 "
MS655,MAJOR BLADDER PROCEDURES W/O CC/MCC,"$93,150 "
MS656,KIDNEY & URETER PROCEDURES FOR NEOPLASM W MCC,"$108,669 "
MS657,KIDNEY & URETER PROCEDURES FOR NEOPLASM W CC,"$96,447 "
MS658,KIDNEY & URETER PROCEDURES FOR NEOPLASM W/O CC/MCC,"$73,722 "
MS659,KIDNEY & URETER PROCEDURES FOR NON-NEOPLASM W MCC,"$136,271 "
MS660,KIDNEY & URETER PROCEDURES FOR NON-NEOPLASM W CC,"$61,463 "
MS661,KIDNEY & URETER PROCEDURES FOR NON-NEOPLASM W/O CC/MCC,"$63,206 "
MS663,MINOR BLADDER PROCEDURES W CC,"$84,493 "
MS664,MINOR BLADDER PROCEDURES W/O CC/MCC,"$34,886 "
MS666,PROSTATECTOMY W CC,"$70,304 "
MS668,TRANSURETHRAL PROCEDURES W MCC,"$109,255 "
MS669,TRANSURETHRAL PROCEDURES W CC,"$52,298 "
MS670,TRANSURETHRAL PROCEDURES W/O CC/MCC,"$45,167 "
MS672,URETHRAL PROCEDURES W/O CC/MCC,"$52,398 "
MS673,OTHER KIDNEY & URINARY TRACT PROCEDURES W MCC,"$95,340 "
MS674,OTHER KIDNEY & URINARY TRACT PROCEDURES W CC,"$98,049 "
MS675,OTHER KIDNEY & URINARY TRACT PROCEDURES W/O CC/MCC,"$63,006 "
MS682,RENAL FAILURE W MCC,"$51,566 "
MS683,RENAL FAILURE W CC,"$35,661 "
MS684,RENAL FAILURE W/O CC/MCC,"$22,026 "
MS686,KIDNEY & URINARY TRACT NEOPLASMS W MCC,"$107,487 "
MS687,KIDNEY & URINARY TRACT NEOPLASMS W CC,"$50,974 "
MS688,KIDNEY & URINARY TRACT NEOPLASMS W/O CC/MCC,"$33,522 "
MS689,KIDNEY & URINARY TRACT INFECTIONS W MCC,"$40,069 "
MS690,KIDNEY & URINARY TRACT INFECTIONS W/O MCC,"$30,565 "
MS693,URINARY STONES W/O ESW LITHOTRIPSY W MCC,"$48,509 "
MS694,URINARY STONES W/O ESW LITHOTRIPSY W/O MCC,"$40,784 "
MS695,KIDNEY & URINARY TRACT SIGNS & SYMPTOMS W MCC,"$35,865 "
MS696,KIDNEY & URINARY TRACT SIGNS & SYMPTOMS W/O MCC,"$23,757 "
MS697,URETHRAL STRICTURE,"$37,818 "
MS698,OTHER KIDNEY & URINARY TRACT DIAGNOSES W MCC,"$48,313 "
MS699,OTHER KIDNEY & URINARY TRACT DIAGNOSES W CC,"$30,499 "
MS700,OTHER KIDNEY & URINARY TRACT DIAGNOSES W/O CC/MCC,"$15,398 "
MS707,MAJOR MALE PELVIC PROCEDURES W CC/MCC,"$72,006 "
MS708,MAJOR MALE PELVIC PROCEDURES W/O CC/MCC,"$67,540 "
MS709,PENIS PROCEDURES W CC/MCC,"$67,376 "
MS710,PENIS PROCEDURES W/O CC/MCC,"$48,650 "
MS711,TESTES PROCEDURES W CC/MCC,"$84,647 "
MS713,TRANSURETHRAL PROSTATECTOMY W CC/MCC,"$66,924 "
MS714,TRANSURETHRAL PROSTATECTOMY W/O CC/MCC,"$63,229 "
MS717,OTHER MALE REPRODUCTIVE SYSTEM O.R. PROC EXC MALIGNANCY W CC/MCC,"$79,175 "
MS718,OTHER MALE REPRODUCTIVE SYSTEM O.R. PROC EXC MALIGNANCY W/O CC/MCC,"$31,910 "
MS723,"MALIGNANCY, MALE REPRODUCTIVE SYSTEM W CC","$35,563 "
MS724,"MALIGNANCY, MALE REPRODUCTIVE SYSTEM W/O CC/MCC","$12,588 "
MS725,BENIGN PROSTATIC HYPERTROPHY W MCC,"$24,387 "
MS726,BENIGN PROSTATIC HYPERTROPHY W/O MCC,"$34,525 "
MS727,INFLAMMATION OF THE MALE REPRODUCTIVE SYSTEM W MCC,"$78,909 "
MS728,INFLAMMATION OF THE MALE REPRODUCTIVE SYSTEM W/O MCC,"$32,635 "
MS729,OTHER MALE REPRODUCTIVE SYSTEM DIAGNOSES W CC/MCC,"$54,711 "
MS734,"PELVIC EVISCERATION, RAD HYSTERECTOMY & RAD VULVECTOMY W CC/MCC","$101,238 "
MS735,"PELVIC EVISCERATION, RAD HYSTERECTOMY & RAD VULVECTOMY W/O CC/MCC","$62,658 "
MS736,UTERINE & ADNEXA PROC FOR OVARIAN OR ADNEXAL MALIGNANCY W MCC,"$146,156 "
MS737,UTERINE & ADNEXA PROC FOR OVARIAN OR ADNEXAL MALIGNANCY W CC,"$88,443 "
MS738,UTERINE & ADNEXA PROC FOR OVARIAN OR ADNEXAL MALIGNANCY W/O CC/MCC,"$65,518 "
MS739,"UTERINE,ADNEXA PROC FOR NON-OVARIAN/ADNEXAL MALIG W MCC","$159,092 "
MS740,"UTERINE,ADNEXA PROC FOR NON-OVARIAN/ADNEXAL MALIG W CC","$77,505 "
MS741,"UTERINE,ADNEXA PROC FOR NON-OVARIAN/ADNEXAL MALIG W/O CC/MCC","$81,982 "
MS742,UTERINE & ADNEXA PROC FOR NON-MALIGNANCY W CC/MCC,"$80,078 "
MS743,UTERINE & ADNEXA PROC FOR NON-MALIGNANCY W/O CC/MCC,"$72,091 "
MS744,"D&C, CONIZATION, LAPAROSCOPY & TUBAL INTERRUPTION W CC/MCC","$51,764 "
MS745,"D&C, CONIZATION, LAPAROSCOPY & TUBAL INTERRUPTION W/O CC/MCC","$56,183 "
MS746,"VAGINA, CERVIX & VULVA PROCEDURES W CC/MCC","$75,341 "
MS747,"VAGINA, CERVIX & VULVA PROCEDURES W/O CC/MCC","$50,105 "
MS748,FEMALE REPRODUCTIVE SYSTEM RECONSTRUCTIVE PROCEDURES,"$59,269 "
MS749,OTHER FEMALE REPRODUCTIVE SYSTEM O.R. PROCEDURES W CC/MCC,"$176,526 "
MS750,OTHER FEMALE REPRODUCTIVE SYSTEM O.R. PROCEDURES W/O CC/MCC,"$55,343 "
MS754,"MALIGNANCY, FEMALE REPRODUCTIVE SYSTEM W MCC","$48,841 "
MS755,"MALIGNANCY, FEMALE REPRODUCTIVE SYSTEM W CC","$43,799 "
MS756,"MALIGNANCY, FEMALE REPRODUCTIVE SYSTEM W/O CC/MCC","$62,739 "
MS757,"INFECTIONS, FEMALE REPRODUCTIVE SYSTEM W MCC","$54,705 "
MS758,"INFECTIONS, FEMALE REPRODUCTIVE SYSTEM W CC","$41,510 "
MS760,MENSTRUAL & OTHER FEMALE REPRODUCTIVE SYSTEM DISORDERS W CC/MCC,"$17,097 "
MS761,MENSTRUAL & OTHER FEMALE REPRODUCTIVE SYSTEM DISORDERS W/O CC/MCC,"$32,121 "
MS765,CESAREAN SECTION W CC/MCC,"$44,418 "
MS766,CESAREAN SECTION W/O CC/MCC,"$38,973 "
MS767,VAGINAL DELIVERY W STERILIZATION &/OR D&C,"$29,274 "
MS769,POSTPARTUM & POST ABORTION DIAGNOSES W O.R. PROCEDURE,"$151,088 "
MS774,VAGINAL DELIVERY W COMPLICATING DIAGNOSES,"$28,220 "
MS775,VAGINAL DELIVERY W/O COMPLICATING DIAGNOSES,"$30,338 "
MS776,POSTPARTUM & POST ABORTION DIAGNOSES W/O O.R. PROCEDURE,"$16,875 "
MS778,THREATENED ABORTION,"$12,503 "
MS779,ABORTION W/O D&C,"$32,839 "
MS780,FALSE LABOR,"$22,446 "
MS781,OTHER ANTEPARTUM DIAGNOSES W MEDICAL COMPLICATIONS,"$29,172 "
MS782,OTHER ANTEPARTUM DIAGNOSES W/O MEDICAL COMPLICATIONS,"$8,157 "
MS789,"NEONATES, DIED OR TRANSFERRED TO ANOTHER ACUTE CARE FACILITY","$148,277 "
MS790,"EXTREME IMMATURITY OR RESPIRATORY DISTRESS SYNDROME, NEONATE","$448,139 "
MS791,PREMATURITY W MAJOR PROBLEMS,"$85,941 "
MS792,PREMATURITY W/O MAJOR PROBLEMS,"$79,697 "
MS793,FULL TERM NEONATE W MAJOR PROBLEMS,"$21,306 "
MS794,NEONATE W OTHER SIGNIFICANT PROBLEMS,"$8,617 "
MS795,NORMAL NEWBORN,"$7,199 "
MS800,SPLENECTOMY W CC,"$80,227 "
MS802,OTHER O.R. PROC OF THE BLOOD & BLOOD FORMING ORGANS W MCC,"$132,208 "
MS803,OTHER O.R. PROC OF THE BLOOD & BLOOD FORMING ORGANS W CC,"$71,893 "
MS804,OTHER O.R. PROC OF THE BLOOD & BLOOD FORMING ORGANS W/O CC/MCC,"$57,551 "
MS808,MAJOR HEMATOL/IMMUN DIAG EXC SICKLE CELL CRISIS & COAGUL W MCC,"$74,429 "
MS809,MAJOR HEMATOL/IMMUN DIAG EXC SICKLE CELL CRISIS & COAGUL W CC,"$46,972 "
MS810,MAJOR HEMATOL/IMMUN DIAG EXC SICKLE CELL CRISIS & COAGUL W/O CC/MCC,"$30,452 "
MS811,RED BLOOD CELL DISORDERS W MCC,"$62,317 "
MS812,RED BLOOD CELL DISORDERS W/O MCC,"$32,485 "
MS813,COAGULATION DISORDERS,"$52,086 "
MS814,RETICULOENDOTHELIAL & IMMUNITY DISORDERS W MCC,"$69,880 "
MS815,RETICULOENDOTHELIAL & IMMUNITY DISORDERS W CC,"$38,177 "
MS816,RETICULOENDOTHELIAL & IMMUNITY DISORDERS W/O CC/MCC,"$13,931 "
MS820,LYMPHOMA & LEUKEMIA W MAJOR O.R. PROCEDURE W MCC,"$240,286 "
MS821,LYMPHOMA & LEUKEMIA W MAJOR O.R. PROCEDURE W CC,"$91,031 "
MS822,LYMPHOMA & LEUKEMIA W MAJOR O.R. PROCEDURE W/O CC/MCC,"$67,121 "
MS823,LYMPHOMA & NON-ACUTE LEUKEMIA W OTHER PROC W MCC,"$174,170 "
MS824,LYMPHOMA & NON-ACUTE LEUKEMIA W OTHER PROC W CC,"$131,659 "
MS825,LYMPHOMA & NON-ACUTE LEUKEMIA W OTHER PROC W/O CC/MCC,"$44,488 "
MS826,MYELOPROLIF DISORD OR POORLY DIFF NEOPL W MAJ O.R. PROC W MCC,"$167,305 "
MS827,MYELOPROLIF DISORD OR POORLY DIFF NEOPL W MAJ O.R. PROC W CC,"$118,228 "
MS828,MYELOPROLIF DISORD OR POORLY DIFF NEOPL W MAJ O.R. PROC W/O CC/MCC,"$84,945 "
MS829,MYELOPROLIFERATIVE DISORDERS OR POORLY DIFFERENTIATED NEOPLASMS W OTHER PROCEDURE W CC/MCC,"$130,313 "
MS830,MYELOPROLIFERATIVE DISORDERS OR POORLY DIFFERENTIATED NEOPLASMS W OTHER PROCEDURE W/O CC/MCC,"$56,025 "
MS834,ACUTE LEUKEMIA W/O MAJOR O.R. PROCEDURE W MCC,"$276,186 "
MS835,ACUTE LEUKEMIA W/O MAJOR O.R. PROCEDURE W CC,"$84,078 "
MS836,ACUTE LEUKEMIA W/O MAJOR O.R. PROCEDURE W/O CC/MCC,"$160,908 "
MS837,CHEMO W ACUTE LEUKEMIA AS SDX OR W HIGH DOSE CHEMO AGENT W MCC,"$276,803 "
MS838,CHEMO W ACUTE LEUKEMIA AS SDX W CC OR HIGH DOSE CHEMO AGENT,"$123,892 "
MS839,CHEMO W ACUTE LEUKEMIA AS SDX W/O CC/MCC,"$32,500 "
MS840,LYMPHOMA & NON-ACUTE LEUKEMIA W MCC,"$109,165 "
MS841,LYMPHOMA & NON-ACUTE LEUKEMIA W CC,"$53,206 "
MS842,LYMPHOMA & NON-ACUTE LEUKEMIA W/O CC/MCC,"$51,154 "
MS843,OTHER MYELOPROLIF DIS OR POORLY DIFF NEOPL DIAG W MCC,"$88,769 "
MS844,OTHER MYELOPROLIF DIS OR POORLY DIFF NEOPL DIAG W CC,"$44,044 "
MS845,OTHER MYELOPROLIF DIS OR POORLY DIFF NEOPL DIAG W/O CC/MCC,"$29,171 "
MS846,CHEMOTHERAPY W/O ACUTE LEUKEMIA AS SECONDARY DIAGNOSIS W MCC,"$66,956 "
MS847,CHEMOTHERAPY W/O ACUTE LEUKEMIA AS SECONDARY DIAGNOSIS W CC,"$46,328 "
MS849,RADIOTHERAPY,"$124,363 "
MS853,INFECTIOUS & PARASITIC DISEASES W O.R. PROCEDURE W MCC,"$180,502 "
MS854,INFECTIOUS & PARASITIC DISEASES W O.R. PROCEDURE W CC,"$89,867 "
MS856,POSTOPERATIVE OR POST-TRAUMATIC INFECTIONS W O.R. PROC W MCC,"$148,390 "
MS857,POSTOPERATIVE OR POST-TRAUMATIC INFECTIONS W O.R. PROC W CC,"$77,317 "
MS858,POSTOPERATIVE OR POST-TRAUMATIC INFECTIONS W O.R. PROC W/O CC/MCC,"$49,315 "
MS862,POSTOPERATIVE & POST-TRAUMATIC INFECTIONS W MCC,"$49,256 "
MS863,POSTOPERATIVE & POST-TRAUMATIC INFECTIONS W/O MCC,"$38,692 "
MS864,FEVER AND INFLAMMATORY CONDITIONS,"$36,552 "
MS865,VIRAL ILLNESS W MCC,"$39,606 "
MS866,VIRAL ILLNESS W/O MCC,"$40,872 "
MS867,OTHER INFECTIOUS & PARASITIC DISEASES DIAGNOSES W MCC,"$64,872 "
MS868,OTHER INFECTIOUS & PARASITIC DISEASES DIAGNOSES W CC,"$27,376 "
MS869,OTHER INFECTIOUS & PARASITIC DISEASES DIAGNOSES W/O CC/MCC,"$26,952 "
MS870,SEPTICEMIA OR SEVERE SEPSIS W MV >96 HOURS OR PERIPHERAL EXTRACORPOREAL MEMBRANE OXYGENATION (ECMO),"$239,929 "
MS871,SEPTICEMIA OR SEVERE SEPSIS W/O MV >96 HOURS W MCC,"$64,039 "
MS872,SEPTICEMIA OR SEVERE SEPSIS W/O MV >96 HOURS W/O MCC,"$45,111 "
MS876,O.R. PROCEDURE W PRINCIPAL DIAGNOSES OF MENTAL ILLNESS,"$91,343 "
MS880,ACUTE ADJUSTMENT REACTION & PSYCHOSOCIAL DYSFUNCTION,"$38,997 "
MS881,DEPRESSIVE NEUROSES,"$28,361 "
MS882,NEUROSES EXCEPT DEPRESSIVE,"$32,430 "
MS883,DISORDERS OF PERSONALITY & IMPULSE CONTROL,"$33,556 "
MS884,ORGANIC DISTURBANCES & INTELLECTUAL DISABILITY,"$45,313 "
MS885,PSYCHOSES,"$46,455 "
MS886,BEHAVIORAL & DEVELOPMENTAL DISORDERS,"$17,104 "
MS894,"ALCOHOL/DRUG ABUSE OR DEPENDENCE, LEFT AMA","$19,473 "
MS896,ALCOHOL/DRUG ABUSE OR DEPENDENCE W/O REHABILITATION THERAPY W MCC,"$51,794 "
MS897,ALCOHOL/DRUG ABUSE OR DEPENDENCE W/O REHABILITATION THERAPY W/O MCC,"$30,833 "
MS901,WOUND DEBRIDEMENTS FOR INJURIES W MCC,"$283,215 "
MS902,WOUND DEBRIDEMENTS FOR INJURIES W CC,"$60,470 "
MS903,WOUND DEBRIDEMENTS FOR INJURIES W/O CC/MCC,"$95,623 "
MS904,SKIN GRAFTS FOR INJURIES W CC/MCC,"$120,318 "
MS905,SKIN GRAFTS FOR INJURIES W/O CC/MCC,"$62,761 "
MS906,HAND PROCEDURES FOR INJURIES,"$121,463 "
MS907,OTHER O.R. PROCEDURES FOR INJURIES W MCC,"$241,430 "
MS908,OTHER O.R. PROCEDURES FOR INJURIES W CC,"$80,190 "
MS909,OTHER O.R. PROCEDURES FOR INJURIES W/O CC/MCC,"$46,575 "
MS913,TRAUMATIC INJURY W MCC,"$57,460 "
MS914,TRAUMATIC INJURY W/O MCC,"$27,718 "
MS915,ALLERGIC REACTIONS W MCC,"$60,018 "
MS916,ALLERGIC REACTIONS W/O MCC,"$38,647 "
MS917,POISONING & TOXIC EFFECTS OF DRUGS W MCC,"$54,698 "
MS918,POISONING & TOXIC EFFECTS OF DRUGS W/O MCC,"$27,947 "
MS919,COMPLICATIONS OF TREATMENT W MCC,"$63,914 "
MS920,COMPLICATIONS OF TREATMENT W CC,"$35,268 "
MS921,COMPLICATIONS OF TREATMENT W/O CC/MCC,"$21,377 "
MS922,"OTHER INJURY, POISONING & TOXIC EFFECT DIAG W MCC","$144,922 "
MS923,"OTHER INJURY, POISONING & TOXIC EFFECT DIAG W/O MCC","$34,687 "
MS927,EXTENSIVE BURNS OR FULL THICKNESS BURNS W MV >96 HRS W SKIN GRAFT,"$340,172 "
MS928,FULL THICKNESS BURN W SKIN GRAFT OR INHAL INJ W CC/MCC,"$96,502 "
MS929,FULL THICKNESS BURN W SKIN GRAFT OR INHAL INJ W/O CC/MCC,"$78,045 "
MS933,EXTENSIVE BURNS OR FULL THICKNESS BURNS W MV >96 HRS W/O SKIN GRAFT,"$191,646 "
MS934,FULL THICKNESS BURN W/O SKIN GRAFT OR INHAL INJ,"$50,338 "
MS935,NON-EXTENSIVE BURNS,"$20,777 "
MS939,O.R. PROC W DIAGNOSES OF OTHER CONTACT W HEALTH SERVICES W MCC,"$80,671 "
MS940,O.R. PROC W DIAGNOSES OF OTHER CONTACT W HEALTH SERVICES W CC,"$50,973 "
MS941,O.R. PROC W DIAGNOSES OF OTHER CONTACT W HEALTH SERVICES W/O CC/MCC,"$131,618 "
MS947,SIGNS & SYMPTOMS W MCC,"$44,257 "
MS948,SIGNS & SYMPTOMS W/O MCC,"$32,336 "
MS949,AFTERCARE W CC/MCC,"$43,252 "
MS950,AFTERCARE W/O CC/MCC,"$14,471 "
MS951,OTHER FACTORS INFLUENCING HEALTH STATUS,"$4,327 "
MS955,CRANIOTOMY FOR MULTIPLE SIGNIFICANT TRAUMA,"$215,389 "
MS956,"LIMB REATTACHMENT, HIP & FEMUR PROC FOR MULTIPLE SIGNIFICANT TRAUMA","$134,060 "
MS957,OTHER O.R. PROCEDURES FOR MULTIPLE SIGNIFICANT TRAUMA W MCC,"$238,730 "
MS958,OTHER O.R. PROCEDURES FOR MULTIPLE SIGNIFICANT TRAUMA W CC,"$161,919 "
MS959,OTHER O.R. PROCEDURES FOR MULTIPLE SIGNIFICANT TRAUMA W/O CC/MCC,"$65,601 "
MS963,OTHER MULTIPLE SIGNIFICANT TRAUMA W MCC,"$122,945 "
MS964,OTHER MULTIPLE SIGNIFICANT TRAUMA W CC,"$48,044 "
MS965,OTHER MULTIPLE SIGNIFICANT TRAUMA W/O CC/MCC,"$54,663 "
MS969,HIV W EXTENSIVE O.R. PROCEDURE W MCC,"$282,006 "
MS974,HIV W MAJOR RELATED CONDITION W MCC,"$99,623 "
MS975,HIV W MAJOR RELATED CONDITION W CC,"$42,189 "
MS976,HIV W MAJOR RELATED CONDITION W/O CC/MCC,"$21,329 "
MS977,HIV W OR W/O OTHER RELATED CONDITION,"$47,116 "
MS981,EXTENSIVE O.R. PROCEDURE UNRELATED TO PRINCIPAL DIAGNOSIS W MCC,"$151,962 "
MS982,EXTENSIVE O.R. PROCEDURE UNRELATED TO PRINCIPAL DIAGNOSIS W CC,"$78,939 "
MS983,EXTENSIVE O.R. PROCEDURE UNRELATED TO PRINCIPAL DIAGNOSIS W/O CC/MCC,"$49,339 "
MS987,NON-EXTENSIVE O.R. PROC UNRELATED TO PRINCIPAL DIAGNOSIS W MCC,"$173,247 "
MS988,NON-EXTENSIVE O.R. PROC UNRELATED TO PRINCIPAL DIAGNOSIS W CC,"$57,940 "
MS989,NON-EXTENSIVE O.R. PROC UNRELATED TO PRINCIPAL DIAGNOSIS W/O CC/MCC,"$68,300 "