DRG #,DRG Description,Average Charge
3,"ECMO OR TRACH W MV >96 HRS OR PDX EXC FACE, MOUTH & NECK W MAJ O.R.",384147.3454
4,"TRACH W MV >96 HRS OR PDX EXC FACE, MOUTH & NECK W/O MAJ O.R.",251951.136
11,"TRACHEOSTOMY FOR FACE,MOUTH & NECK DIAGNOSES W MCC",100740.0575
12,"TRACHEOSTOMY FOR FACE,MOUTH & NECK DIAGNOSES W CC",128966.9025
16,AUTOLOGOUS BONE MARROW TRANSPLANT W CC/MCC,141868.58
20,INTRACRANIAL VASCULAR PROCEDURES W PDX HEMORRHAGE W MCC,305395.0975
21,INTRACRANIAL VASCULAR PROCEDURES W PDX HEMORRHAGE W CC,210272.07
23,CRANIOTOMY W MAJOR DEVICE IMPLANT OR ACUTE CNS PDX W MCC OR CHEMOTHERAPY IMPLANT OR EPILEPSY W NEUROSTIMULATOR,124052.379
24,CRANIO W MAJOR DEV IMPL/ACUTE COMPLEX CNS PDX W/O MCC,57472.70875
25,CRANIOTOMY & ENDOVASCULAR INTRACRANIAL PROCEDURES W MCC,113246.3325
26,CRANIOTOMY & ENDOVASCULAR INTRACRANIAL PROCEDURES W CC,54552.59889
27,CRANIOTOMY & ENDOVASCULAR INTRACRANIAL PROCEDURES W/O CC/MCC,45494.47125
28,SPINAL PROCEDURES W MCC,91713.54
29,SPINAL PROCEDURES W CC OR SPINAL NEUROSTIMULATORS,82991.97375
31,VENTRICULAR SHUNT PROCEDURES W MCC,61267.47
33,VENTRICULAR SHUNT PROCEDURES W/O CC/MCC,34632.41
37,EXTRACRANIAL PROCEDURES W MCC,91888.28667
38,EXTRACRANIAL PROCEDURES W CC,47332.44
39,EXTRACRANIAL PROCEDURES W/O CC/MCC,59016.15667
40,PERIPH/CRANIAL NERVE & OTHER NERV SYST PROC W MCC,92892.866
41,PERIPH/CRANIAL NERVE & OTHER NERV SYST PROC W CC OR PERIPH NEUROSTIM,63038.13
42,PERIPH/CRANIAL NERVE & OTHER NERV SYST PROC W/O CC/MCC,38189.72
52,SPINAL DISORDERS & INJURIES W CC/MCC,11242.78
54,NERVOUS SYSTEM NEOPLASMS W MCC,51053.736
56,DEGENERATIVE NERVOUS SYSTEM DISORDERS W MCC,72122.874
57,DEGENERATIVE NERVOUS SYSTEM DISORDERS W/O MCC,35411.00414
59,MULTIPLE SCLEROSIS & CEREBELLAR ATAXIA W CC,30178.94
60,MULTIPLE SCLEROSIS & CEREBELLAR ATAXIA W/O CC/MCC,24763.53667
61,"ISCHEMIC STROKE, PRECEREBRAL OCCLUSION OR TRANSIENT ISCHEMIA W THROMBOLYTIC AGENT W MCC",113765.22
62,"ISCHEMIC STROKE, PRECEREBRAL OCCLUSION OR TRANSIENT ISCHEMIA W THROMBOLYTIC AGENT W CC",67980.1
64,INTRACRANIAL HEMORRHAGE OR CEREBRAL INFARCTION W MCC,69000.18582
65,INTRACRANIAL HEMORRHAGE OR CEREBRAL INFARCTION W CC OR TPA IN 24 HRS,33403.84265
66,INTRACRANIAL HEMORRHAGE OR CEREBRAL INFARCTION W/O CC/MCC,29801.345
67,NONSPECIFIC CVA & PRECEREBRAL OCCLUSION W/O INFARCT W MCC,68046.04
68,NONSPECIFIC CVA & PRECEREBRAL OCCLUSION W/O INFARCT W/O MCC,33003.83
69,TRANSIENT ISCHEMIA W/O THROMBOLYTIC,48254.772
70,NONSPECIFIC CEREBROVASCULAR DISORDERS W MCC,46267.072
71,NONSPECIFIC CEREBROVASCULAR DISORDERS W CC,29409.985
73,CRANIAL & PERIPHERAL NERVE DISORDERS W MCC,60530.778
74,CRANIAL & PERIPHERAL NERVE DISORDERS W/O MCC,20518.12625
75,VIRAL MENINGITIS W CC/MCC,26099.39
77,HYPERTENSIVE ENCEPHALOPATHY W MCC,15197.895
80,NONTRAUMATIC STUPOR & COMA W MCC,27881.56
82,"TRAUMATIC STUPOR & COMA, COMA >1 HR W MCC",58586.00313
83,"TRAUMATIC STUPOR & COMA, COMA >1 HR W CC",38631.62733
84,"TRAUMATIC STUPOR & COMA, COMA >1 HR W/O CC/MCC",19322.685
85,"TRAUMATIC STUPOR & COMA, COMA <1 HR W MCC",58091.13938
86,"TRAUMATIC STUPOR & COMA, COMA <1 HR W CC",28399.98583
87,"TRAUMATIC STUPOR & COMA, COMA <1 HR W/O CC/MCC",20487.915
89,CONCUSSION W CC,25719.09
91,OTHER DISORDERS OF NERVOUS SYSTEM W MCC,44500.3025
92,OTHER DISORDERS OF NERVOUS SYSTEM W CC,26798.5024
93,OTHER DISORDERS OF NERVOUS SYSTEM W/O CC/MCC,31255.75
95,BACTERIAL & TUBERCULOUS INFECTIONS OF NERVOUS SYSTEM W CC,29745.55
98,NON-BACTERIAL INFECT OF NERVOUS SYS EXC VIRAL MENINGITIS W CC,38744
100,SEIZURES W MCC,40711.94194
101,SEIZURES W/O MCC,22564.9876
102,HEADACHES W MCC,25294.13
103,HEADACHES W/O MCC,20444.56909
113,ORBITAL PROCEDURES W CC/MCC,22979.885
115,EXTRAOCULAR PROCEDURES EXCEPT ORBIT,45711.09
116,INTRAOCULAR PROCEDURES W CC/MCC,28611.31
121,ACUTE MAJOR EYE INFECTIONS W CC/MCC,63367.8
122,ACUTE MAJOR EYE INFECTIONS W/O CC/MCC,26763.84
124,OTHER DISORDERS OF THE EYE W MCC,21063.51
125,OTHER DISORDERS OF THE EYE W/O MCC,13090.57333
129,MAJOR HEAD & NECK PROCEDURES W CC/MCC OR MAJOR DEVICE,49194.64
130,MAJOR HEAD & NECK PROCEDURES W/O CC/MCC,27119.5
131,CRANIAL/FACIAL PROCEDURES W CC/MCC,37403.1
132,CRANIAL/FACIAL PROCEDURES W/O CC/MCC,27560.832
133,"OTHER EAR, NOSE, MOUTH & THROAT O.R. PROCEDURES W CC/MCC",65374.948
134,"OTHER EAR, NOSE, MOUTH & THROAT O.R. PROCEDURES W/O CC/MCC",29083.04
136,SINUS & MASTOID PROCEDURES W/O CC/MCC,22399.41
137,MOUTH PROCEDURES W CC/MCC,18998.165
138,MOUTH PROCEDURES W/O CC/MCC,17302.65
146,"EAR, NOSE, MOUTH & THROAT MALIGNANCY W MCC",13119.38
147,"EAR, NOSE, MOUTH & THROAT MALIGNANCY W CC",41088.51
149,DYSEQUILIBRIUM,26862.77
150,EPISTAXIS W MCC,18935.19
152,OTITIS MEDIA & URI W MCC,21953.685
153,OTITIS MEDIA & URI W/O MCC,16020.01833
155,"OTHER EAR, NOSE, MOUTH & THROAT DIAGNOSES W CC",26369.11571
156,"OTHER EAR, NOSE, MOUTH & THROAT DIAGNOSES W/O CC/MCC",14987.94
157,DENTAL & ORAL DISEASES W MCC,26703.475
158,DENTAL & ORAL DISEASES W CC,33334.32
159,DENTAL & ORAL DISEASES W/O CC/MCC,11164.6
163,MAJOR CHEST PROCEDURES W MCC,170600.805
164,MAJOR CHEST PROCEDURES W CC,70691.88556
165,MAJOR CHEST PROCEDURES W/O CC/MCC,51777.802
166,OTHER RESP SYSTEM O.R. PROCEDURES W MCC,93576.70556
167,OTHER RESP SYSTEM O.R. PROCEDURES W CC,30204.44667
168,OTHER RESP SYSTEM O.R. PROCEDURES W/O CC/MCC,26531.79
175,PULMONARY EMBOLISM W MCC,56976.26545
176,PULMONARY EMBOLISM W/O MCC,26500.16286
177,RESPIRATORY INFECTIONS & INFLAMMATIONS W MCC,49760.3995
178,RESPIRATORY INFECTIONS & INFLAMMATIONS W CC,19526.72438
180,RESPIRATORY NEOPLASMS W MCC,41149.01182
181,RESPIRATORY NEOPLASMS W CC,21277.6875
183,MAJOR CHEST TRAUMA W MCC,36399.085
185,MAJOR CHEST TRAUMA W/O CC/MCC,23370.71
187,PLEURAL EFFUSION W CC,17818.94
188,PLEURAL EFFUSION W/O CC/MCC,15932
189,PULMONARY EDEMA & RESPIRATORY FAILURE,36428.7607
190,CHRONIC OBSTRUCTIVE PULMONARY DISEASE W MCC,24923.56359
191,CHRONIC OBSTRUCTIVE PULMONARY DISEASE W CC,16970.44525
192,CHRONIC OBSTRUCTIVE PULMONARY DISEASE W/O CC/MCC,12215.45333
193,SIMPLE PNEUMONIA & PLEURISY W MCC,29250.99288
194,SIMPLE PNEUMONIA & PLEURISY W CC,17417.81385
195,SIMPLE PNEUMONIA & PLEURISY W/O CC/MCC,13529.804
196,INTERSTITIAL LUNG DISEASE W MCC,21913.82
197,INTERSTITIAL LUNG DISEASE W CC,22301.325
198,INTERSTITIAL LUNG DISEASE W/O CC/MCC,22035.62
199,PNEUMOTHORAX W MCC,35916.7975
200,PNEUMOTHORAX W CC,15969.18909
201,PNEUMOTHORAX W/O CC/MCC,15544.365
202,BRONCHITIS & ASTHMA W CC/MCC,20972.02935
203,BRONCHITIS & ASTHMA W/O CC/MCC,14562.0575
204,RESPIRATORY SIGNS & SYMPTOMS,19546.505
205,OTHER RESPIRATORY SYSTEM DIAGNOSES W MCC,23631.25
206,OTHER RESPIRATORY SYSTEM DIAGNOSES W/O MCC,19279.91
207,RESPIRATORY SYSTEM DIAGNOSIS W VENTILATOR SUPPORT >96 HOURS,128916.6425
208,RESPIRATORY SYSTEM DIAGNOSIS W VENTILATOR SUPPORT <=96 HOURS,59390.534
215,OTHER HEART ASSIST SYSTEM IMPLANT,51632.05
217,CARDIAC VALVE & OTH MAJ CARDIOTHORACIC PROC W CARD CATH W CC,284927.64
219,CARDIAC VALVE & OTH MAJ CARDIOTHORACIC PROC W/O CARD CATH W MCC,209953.87
220,CARDIAC VALVE & OTH MAJ CARDIOTHORACIC PROC W/O CARD CATH W CC,134532.35
222,CARDIAC DEFIB IMPLANT W CARDIAC CATH W AMI/HF/SHOCK W MCC,261959.27
224,CARDIAC DEFIB IMPLANT W CARDIAC CATH W/O AMI/HF/SHOCK W MCC,212148.7475
225,CARDIAC DEFIB IMPLANT W CARDIAC CATH W/O AMI/HF/SHOCK W/O MCC,191392.39
226,CARDIAC DEFIBRILLATOR IMPLANT W/O CARDIAC CATH W MCC,118554.87
227,CARDIAC DEFIBRILLATOR IMPLANT W/O CARDIAC CATH W/O MCC,95303.74333
228,OTHER CARDIOTHORACIC PROCEDURES W MCC,93633.39
229,OTHER CARDIOTHORACIC PROCEDURES W/O MCC,78446.38
232,CORONARY BYPASS W PTCA W/O MCC,178079.25
233,CORONARY BYPASS W CARDIAC CATH W MCC,188440.645
234,CORONARY BYPASS W CARDIAC CATH W/O MCC,147520.645
235,CORONARY BYPASS W/O CARDIAC CATH W MCC,325453.1767
236,CORONARY BYPASS W/O CARDIAC CATH W/O MCC,104612.565
239,AMPUTATION FOR CIRC SYS DISORDERS EXC UPPER LIMB & TOE W MCC,87501.32923
240,AMPUTATION FOR CIRC SYS DISORDERS EXC UPPER LIMB & TOE W CC,96961.2625
241,AMPUTATION FOR CIRC SYS DISORDERS EXC UPPER LIMB & TOE W/O CC/MCC,137442.54
242,PERMANENT CARDIAC PACEMAKER IMPLANT W MCC,80392.15952
243,PERMANENT CARDIAC PACEMAKER IMPLANT W CC,51969.58667
244,PERMANENT CARDIAC PACEMAKER IMPLANT W/O CC/MCC,36906.47143
245,AICD GENERATOR PROCEDURES,244195.91
246,PERCUTANEOUS CARDIOVASCULAR PROCEDURES W DRUG-ELUTING STENT W MCC OR 4+ ARTERIES OR STENTS,68487.92929
247,PERC CARDIOVASC PROC W DRUG-ELUTING STENT W/O MCC,51076.88056
248,PERCUTANEOUS CARDIOVASCULAR PROCEDURES W NON-DRUG-ELUTING STENT W MCC OR 4+ ARTERIES OR STENTS,44222.19
249,PERC CARDIOVASC PROC W NON-DRUG-ELUTING STENT W/O MCC,47510.17
250,PERC CARDIOVASC PROC W/O CORONARY ARTERY STENT W MCC,43753.615
251,PERC CARDIOVASC PROC W/O CORONARY ARTERY STENT W/O MCC,38993.02
252,OTHER VASCULAR PROCEDURES W MCC,71297.29593
253,OTHER VASCULAR PROCEDURES W CC,47275.598
254,OTHER VASCULAR PROCEDURES W/O CC/MCC,62819.09
255,UPPER LIMB & TOE AMPUTATION FOR CIRC SYSTEM DISORDERS W MCC,31642.27
256,UPPER LIMB & TOE AMPUTATION FOR CIRC SYSTEM DISORDERS W CC,11252.82
258,CARDIAC PACEMAKER DEVICE REPLACEMENT W MCC,53205.64
260,CARDIAC PACEMAKER REVISION EXCEPT DEVICE REPLACEMENT W MCC,91878.63
261,CARDIAC PACEMAKER REVISION EXCEPT DEVICE REPLACEMENT W CC,36586.962
264,OTHER CIRCULATORY SYSTEM O.R. PROCEDURES,77537.68357
266,ENDOVASCULAR CARDIAC VALVE REPLACEMENT W MCC,143000.5929
267,ENDOVASCULAR CARDIAC VALVE REPLACEMENT W/O MCC,82110.911
269,AORTIC AND HEART ASSIST PROCEDURES EXCEPT PULSATION BALLOON W/O MCC,75715.185
270,OTHER MAJOR CARDIOVASCULAR PROCEDURES W MCC,162655.761
271,OTHER MAJOR CARDIOVASCULAR PROCEDURES W CC,93859.73
272,OTHER MAJOR CARDIOVASCULAR PROCEDURES W/O CC/MCC,54392.7625
273,PERCUTANEOUS INTRACARDIAC PROCEDURES W MCC,84443.02067
274,PERCUTANEOUS INTRACARDIAC PROCEDURES W/O MCC,57952.86529
280,"ACUTE MYOCARDIAL INFARCTION, DISCHARGED ALIVE W MCC",41560.14197
281,"ACUTE MYOCARDIAL INFARCTION, DISCHARGED ALIVE W CC",26775.55484
282,"ACUTE MYOCARDIAL INFARCTION, DISCHARGED ALIVE W/O CC/MCC",19223.44792
283,"ACUTE MYOCARDIAL INFARCTION, EXPIRED W MCC",79822.78667
286,"CIRCULATORY DISORDERS EXCEPT AMI, W CARD CATH W MCC",66011.3741
287,"CIRCULATORY DISORDERS EXCEPT AMI, W CARD CATH W/O MCC",31311.89759
288,ACUTE & SUBACUTE ENDOCARDITIS W MCC,41423.625
289,ACUTE & SUBACUTE ENDOCARDITIS W CC,55415.8
291,HEART FAILURE & SHOCK W MCC,31988.5155
292,HEART FAILURE & SHOCK W CC,21157.18646
293,HEART FAILURE & SHOCK W/O CC/MCC,13442.73286
296,"CARDIAC ARREST, UNEXPLAINED W MCC",43082.65
299,PERIPHERAL VASCULAR DISORDERS W MCC,33014.79462
300,PERIPHERAL VASCULAR DISORDERS W CC,23132.4228
301,PERIPHERAL VASCULAR DISORDERS W/O CC/MCC,13345.88
302,ATHEROSCLEROSIS W MCC,14758.81
303,ATHEROSCLEROSIS W/O MCC,19925.0025
304,HYPERTENSION W MCC,27121.60333
305,HYPERTENSION W/O MCC,18288.012
306,CARDIAC CONGENITAL & VALVULAR DISORDERS W MCC,27804.51
307,CARDIAC CONGENITAL & VALVULAR DISORDERS W/O MCC,22102.125
308,CARDIAC ARRHYTHMIA & CONDUCTION DISORDERS W MCC,22156.72667
309,CARDIAC ARRHYTHMIA & CONDUCTION DISORDERS W CC,22328.02154
310,CARDIAC ARRHYTHMIA & CONDUCTION DISORDERS W/O CC/MCC,12674.7475
311,ANGINA PECTORIS,44815.93
312,SYNCOPE & COLLAPSE,22372.97833
313,CHEST PAIN,18684.01462
314,OTHER CIRCULATORY SYSTEM DIAGNOSES W MCC,45868.74389
315,OTHER CIRCULATORY SYSTEM DIAGNOSES W CC,39738.242
316,OTHER CIRCULATORY SYSTEM DIAGNOSES W/O CC/MCC,33327.37
326,"STOMACH, ESOPHAGEAL & DUODENAL PROC W MCC",107057.024
327,"STOMACH, ESOPHAGEAL & DUODENAL PROC W CC",36007.95
328,"STOMACH, ESOPHAGEAL & DUODENAL PROC W/O CC/MCC",32995.91
329,MAJOR SMALL & LARGE BOWEL PROCEDURES W MCC,92956.4163
330,MAJOR SMALL & LARGE BOWEL PROCEDURES W CC,54565.08552
331,MAJOR SMALL & LARGE BOWEL PROCEDURES W/O CC/MCC,33740.25875
335,PERITONEAL ADHESIOLYSIS W MCC,102290.8033
336,PERITONEAL ADHESIOLYSIS W CC,35205.276
343,APPENDECTOMY W/O COMPLICATED PRINCIPAL DIAG W/O CC/MCC,21513.53
344,MINOR SMALL & LARGE BOWEL PROCEDURES W MCC,43385.9175
345,MINOR SMALL & LARGE BOWEL PROCEDURES W CC,51340.79
347,ANAL & STOMAL PROCEDURES W MCC,32796.14
348,ANAL & STOMAL PROCEDURES W CC,6351.36
351,INGUINAL & FEMORAL HERNIA PROCEDURES W CC,42715.655
353,HERNIA PROCEDURES EXCEPT INGUINAL & FEMORAL W MCC,84947.83
354,HERNIA PROCEDURES EXCEPT INGUINAL & FEMORAL W CC,37454.9625
356,OTHER DIGESTIVE SYSTEM O.R. PROCEDURES W MCC,139175.59
357,OTHER DIGESTIVE SYSTEM O.R. PROCEDURES W CC,69236.15
368,MAJOR ESOPHAGEAL DISORDERS W MCC,38773.83
371,MAJOR GASTROINTESTINAL DISORDERS & PERITONEAL INFECTIONS W MCC,26258.95846
372,MAJOR GASTROINTESTINAL DISORDERS & PERITONEAL INFECTIONS W CC,25934.9725
373,MAJOR GASTROINTESTINAL DISORDERS & PERITONEAL INFECTIONS W/O CC/MCC,15135.025
374,DIGESTIVE MALIGNANCY W MCC,51664.014
375,DIGESTIVE MALIGNANCY W CC,28741.82333
377,G.I. HEMORRHAGE W MCC,32993.49196
378,G.I. HEMORRHAGE W CC,24216.38914
379,G.I. HEMORRHAGE W/O CC/MCC,12741.42625
380,COMPLICATED PEPTIC ULCER W MCC,35454.31286
381,COMPLICATED PEPTIC ULCER W CC,26659.21
384,UNCOMPLICATED PEPTIC ULCER W/O MCC,20069.7
385,INFLAMMATORY BOWEL DISEASE W MCC,32117.46
386,INFLAMMATORY BOWEL DISEASE W CC,17589.94375
387,INFLAMMATORY BOWEL DISEASE W/O CC/MCC,15881.53
388,G.I. OBSTRUCTION W MCC,31882.908
389,G.I. OBSTRUCTION W CC,16940.94813
390,G.I. OBSTRUCTION W/O CC/MCC,12501.85222
391,"ESOPHAGITIS, GASTROENT & MISC DIGEST DISORDERS W MCC",22188.10862
392,"ESOPHAGITIS, GASTROENT & MISC DIGEST DISORDERS W/O MCC",17714.852
393,OTHER DIGESTIVE SYSTEM DIAGNOSES W MCC,31650.13167
394,OTHER DIGESTIVE SYSTEM DIAGNOSES W CC,19472.06833
395,OTHER DIGESTIVE SYSTEM DIAGNOSES W/O CC/MCC,10550.36
405,"PANCREAS, LIVER & SHUNT PROCEDURES W MCC",129349.896
406,"PANCREAS, LIVER & SHUNT PROCEDURES W CC",75822.45385
407,"PANCREAS, LIVER & SHUNT PROCEDURES W/O CC/MCC",51562.62
409,BILIARY TRACT PROC EXCEPT ONLY CHOLECYST W OR W/O C.D.E. W CC,35584.37
414,CHOLECYSTECTOMY EXCEPT BY LAPAROSCOPE W/O C.D.E. W MCC,83273.19
415,CHOLECYSTECTOMY EXCEPT BY LAPAROSCOPE W/O C.D.E. W CC,46988.74
416,CHOLECYSTECTOMY EXCEPT BY LAPAROSCOPE W/O C.D.E. W/O CC/MCC,57320.06
417,LAPAROSCOPIC CHOLECYSTECTOMY W/O C.D.E. W MCC,46139.4825
418,LAPAROSCOPIC CHOLECYSTECTOMY W/O C.D.E. W CC,38748.45714
419,LAPAROSCOPIC CHOLECYSTECTOMY W/O C.D.E. W/O CC/MCC,36493.11375
420,HEPATOBILIARY DIAGNOSTIC PROCEDURES W MCC,54717.29
423,OTHER HEPATOBILIARY OR PANCREAS O.R. PROCEDURES W MCC,67194.39
432,CIRRHOSIS & ALCOHOLIC HEPATITIS W MCC,42664.94083
433,CIRRHOSIS & ALCOHOLIC HEPATITIS W CC,29953.94385
435,MALIGNANCY OF HEPATOBILIARY SYSTEM OR PANCREAS W MCC,39692.69111
436,MALIGNANCY OF HEPATOBILIARY SYSTEM OR PANCREAS W CC,28513.756
438,DISORDERS OF PANCREAS EXCEPT MALIGNANCY W MCC,46409.2825
439,DISORDERS OF PANCREAS EXCEPT MALIGNANCY W CC,21036.3025
440,DISORDERS OF PANCREAS EXCEPT MALIGNANCY W/O CC/MCC,13192.11714
441,"DISORDERS OF LIVER EXCEPT MALIG,CIRR,ALC HEPA W MCC",29567.429
442,"DISORDERS OF LIVER EXCEPT MALIG,CIRR,ALC HEPA W CC",22098.86
443,"DISORDERS OF LIVER EXCEPT MALIG,CIRR,ALC HEPA W/O CC/MCC",7458.87
444,DISORDERS OF THE BILIARY TRACT W MCC,59865.48357
445,DISORDERS OF THE BILIARY TRACT W CC,30394.09333
446,DISORDERS OF THE BILIARY TRACT W/O CC/MCC,31590.09
453,COMBINED ANTERIOR/POSTERIOR SPINAL FUSION W MCC,168581.735
454,COMBINED ANTERIOR/POSTERIOR SPINAL FUSION W CC,107478.49
455,COMBINED ANTERIOR/POSTERIOR SPINAL FUSION W/O CC/MCC,82744.87222
456,SPINAL FUS EXC CERV W SPINAL CURV/MALIG/INFEC OR EXT FUS W MCC,209008.435
457,SPINAL FUS EXC CERV W SPINAL CURV/MALIG/INFEC OR EXT FUS W CC,195332.68
458,SPINAL FUS EXC CERV W SPINAL CURV/MALIG/INFEC OR EXT FUS W/O CC/MCC,59675.14
459,SPINAL FUSION EXCEPT CERVICAL W MCC,78772.5
460,SPINAL FUSION EXCEPT CERVICAL W/O MCC,87538.01462
462,BILATERAL OR MULTIPLE MAJOR JOINT PROCS OF LOWER EXTREMITY W/O MCC,60951.99
463,"WND DEBRID & SKN GRFT EXC HAND, FOR MUSCULO-CONN TISS DIS W MCC",91892.0725
464,"WND DEBRID & SKN GRFT EXC HAND, FOR MUSCULO-CONN TISS DIS W CC",70016.22692
465,"WND DEBRID & SKN GRFT EXC HAND, FOR MUSCULO-CONN TISS DIS W/O CC/MCC",28223.9
466,REVISION OF HIP OR KNEE REPLACEMENT W MCC,112604.7913
467,REVISION OF HIP OR KNEE REPLACEMENT W CC,55756.82222
468,REVISION OF HIP OR KNEE REPLACEMENT W/O CC/MCC,60493.86786
469,MAJOR HIP AND KNEE JOINT REPLACEMENT OR REATTACHMENT OF LOWER EXTREMITY W MCC OR TOTAL ANKLE REPLACEMENT,47842.9875
470,MAJOR HIP AND KNEE JOINT REPLACEMENT OR REATTACHMENT OF LOWER EXTREMITY W/O MCC,38717.74065
471,CERVICAL SPINAL FUSION W MCC,149316.162
472,CERVICAL SPINAL FUSION W CC,58115.542
473,CERVICAL SPINAL FUSION W/O CC/MCC,53715.07818
474,AMPUTATION FOR MUSCULOSKELETAL SYS & CONN TISSUE DIS W MCC,208084.445
475,AMPUTATION FOR MUSCULOSKELETAL SYS & CONN TISSUE DIS W CC,57913.755
477,BIOPSIES OF MUSCULOSKELETAL SYSTEM & CONNECTIVE TISSUE W MCC,28847.345
478,BIOPSIES OF MUSCULOSKELETAL SYSTEM & CONNECTIVE TISSUE W CC,107660.445
480,HIP & FEMUR PROCEDURES EXCEPT MAJOR JOINT W MCC,79040.67
481,HIP & FEMUR PROCEDURES EXCEPT MAJOR JOINT W CC,48497.36818
483,MAJOR JOINT/LIMB REATTACHMENT PROCEDURE OF UPPER EXTREMITIES,47551.91722
486,KNEE PROCEDURES W PDX OF INFECTION W CC,27009.57
487,KNEE PROCEDURES W PDX OF INFECTION W/O CC/MCC,35655.72
489,KNEE PROCEDURES W/O PDX OF INFECTION W/O CC/MCC,30507.33
492,"LOWER EXTREM & HUMER PROC EXCEPT HIP,FOOT,FEMUR W MCC",80158.63
493,"LOWER EXTREM & HUMER PROC EXCEPT HIP,FOOT,FEMUR W CC",48408.21571
494,"LOWER EXTREM & HUMER PROC EXCEPT HIP,FOOT,FEMUR W/O CC/MCC",41401.29167
496,LOCAL EXCISION & REMOVAL INT FIX DEVICES EXC HIP & FEMUR W CC,27792.42
497,LOCAL EXCISION & REMOVAL INT FIX DEVICES EXC HIP & FEMUR W/O CC/MCC,35786.525
498,LOCAL EXCISION & REMOVAL INT FIX DEVICES OF HIP & FEMUR W CC/MCC,76500.17
500,SOFT TISSUE PROCEDURES W MCC,55595.06
501,SOFT TISSUE PROCEDURES W CC,49057.405
502,SOFT TISSUE PROCEDURES W/O CC/MCC,36902.15
503,FOOT PROCEDURES W MCC,13378.33
504,FOOT PROCEDURES W CC,15382.11333
505,FOOT PROCEDURES W/O CC/MCC,33689.15
511,"SHOULDER,ELBOW OR FOREARM PROC,EXC MAJOR JOINT PROC W CC",41862.41833
515,OTHER MUSCULOSKELET SYS & CONN TISS O.R. PROC W MCC,90872.47
516,OTHER MUSCULOSKELET SYS & CONN TISS O.R. PROC W CC,39617.88875
517,OTHER MUSCULOSKELET SYS & CONN TISS O.R. PROC W/O CC/MCC,42130.1275
518,BACK & NECK PROC EXC SPINAL FUSION W MCC OR DISC DEVICE/NEUROSTIM,56487.75
519,BACK & NECK PROC EXC SPINAL FUSION W CC,49630.27286
520,BACK & NECK PROC EXC SPINAL FUSION W/O CC/MCC,43813.445
535,FRACTURES OF HIP & PELVIS W MCC,28947.45
536,FRACTURES OF HIP & PELVIS W/O MCC,24729.614
537,"SPRAINS, STRAINS, & DISLOCATIONS OF HIP, PELVIS & THIGH W CC/MCC",21321.045
538,"SPRAINS, STRAINS, & DISLOCATIONS OF HIP, PELVIS & THIGH W/O CC/MCC",21926.28
539,OSTEOMYELITIS W MCC,83401.05
540,OSTEOMYELITIS W CC,45075.83
542,PATHOLOGICAL FRACTURES & MUSCULOSKELET & CONN TISS MALIG W MCC,40200.1725
543,PATHOLOGICAL FRACTURES & MUSCULOSKELET & CONN TISS MALIG W CC,31836.54143
545,CONNECTIVE TISSUE DISORDERS W MCC,51656.82
546,CONNECTIVE TISSUE DISORDERS W CC,29809.74
547,CONNECTIVE TISSUE DISORDERS W/O CC/MCC,13738.56333
548,SEPTIC ARTHRITIS W MCC,48166.76
551,MEDICAL BACK PROBLEMS W MCC,33168.12
552,MEDICAL BACK PROBLEMS W/O MCC,17719.16069
553,BONE DISEASES & ARTHROPATHIES W MCC,22547.736
554,BONE DISEASES & ARTHROPATHIES W/O MCC,17593.61
556,SIGNS & SYMPTOMS OF MUSCULOSKELETAL SYSTEM & CONN TISSUE W/O MCC,30910.585
557,"TENDONITIS, MYOSITIS & BURSITIS W MCC",21044.82
558,"TENDONITIS, MYOSITIS & BURSITIS W/O MCC",22329.52667
560,"AFTERCARE, MUSCULOSKELETAL SYSTEM & CONNECTIVE TISSUE W CC",16456.4425
561,"AFTERCARE, MUSCULOSKELETAL SYSTEM & CONNECTIVE TISSUE W/O CC/MCC",4354.01
562,"FX, SPRN, STRN & DISL EXCEPT FEMUR, HIP, PELVIS & THIGH W MCC",26991.895
563,"FX, SPRN, STRN & DISL EXCEPT FEMUR, HIP, PELVIS & THIGH W/O MCC",22947.5175
564,OTHER MUSCULOSKELETAL SYS & CONNECTIVE TISSUE DIAGNOSES W MCC,11099.85
565,OTHER MUSCULOSKELETAL SYS & CONNECTIVE TISSUE DIAGNOSES W CC,17706.3
566,OTHER MUSCULOSKELETAL SYS & CONNECTIVE TISSUE DIAGNOSES W/O CC/MCC,23389.03
570,SKIN DEBRIDEMENT W MCC,73391.2
571,SKIN DEBRIDEMENT W CC,28644.70667
576,SKIN GRAFT EXC FOR SKIN ULCER OR CELLULITIS W MCC,43503.78
578,SKIN GRAFT EXC FOR SKIN ULCER OR CELLULITIS W/O CC/MCC,20327.83
579,"OTHER SKIN, SUBCUT TISS & BREAST PROC W MCC",21386.75
580,"OTHER SKIN, SUBCUT TISS & BREAST PROC W CC",18144.63545
581,"OTHER SKIN, SUBCUT TISS & BREAST PROC W/O CC/MCC",10598.52
592,SKIN ULCERS W MCC,33402.734
593,SKIN ULCERS W CC,10737.83
594,SKIN ULCERS W/O CC/MCC,9320.74
596,MAJOR SKIN DISORDERS W/O MCC,11798.84333
600,NON-MALIGNANT BREAST DISORDERS W CC/MCC,29275.24
602,CELLULITIS W MCC,27116.50455
603,CELLULITIS W/O MCC,16604.3069
604,"TRAUMA TO THE SKIN, SUBCUT TISS & BREAST W MCC",53743.46
605,"TRAUMA TO THE SKIN, SUBCUT TISS & BREAST W/O MCC",21170.37143
606,MINOR SKIN DISORDERS W MCC,6834.72
607,MINOR SKIN DISORDERS W/O MCC,14411.114
614,ADRENAL & PITUITARY PROCEDURES W CC/MCC,93470.6
616,"AMPUTAT OF LOWER LIMB FOR ENDOCRINE,NUTRIT,& METABOL DIS W MCC",65083.205
617,"AMPUTAT OF LOWER LIMB FOR ENDOCRINE,NUTRIT,& METABOL DIS W CC",42620.47125
618,"AMPUTAT OF LOWER LIMB FOR ENDOCRINE,NUTRIT,& METABOL DIS W/O CC/MCC",8944.27
619,O.R. PROCEDURES FOR OBESITY W MCC,39222.495
620,O.R. PROCEDURES FOR OBESITY W CC,32159.435
621,O.R. PROCEDURES FOR OBESITY W/O CC/MCC,34597.612
622,"SKIN GRAFTS & WOUND DEBRID FOR ENDOC, NUTRIT & METAB DIS W MCC",38828.58
623,"SKIN GRAFTS & WOUND DEBRID FOR ENDOC, NUTRIT & METAB DIS W CC",43807.60364
625,"THYROID, PARATHYROID & THYROGLOSSAL PROCEDURES W MCC",62639.96
626,"THYROID, PARATHYROID & THYROGLOSSAL PROCEDURES W CC",19967.22
628,"OTHER ENDOCRINE, NUTRIT & METAB O.R. PROC W MCC",62026.78429
629,"OTHER ENDOCRINE, NUTRIT & METAB O.R. PROC W CC",59936.0075
637,DIABETES W MCC,44271.70435
638,DIABETES W CC,20217.12138
640,"MISC DISORDERS OF NUTRITION,METABOLISM,FLUIDS/ELECTROLYTES W MCC",30094.45113
641,"MISC DISORDERS OF NUTRITION,METABOLISM,FLUIDS/ELECTROLYTES W/O MCC",17483.39528
643,ENDOCRINE DISORDERS W MCC,35024.615
644,ENDOCRINE DISORDERS W CC,25411.676
645,ENDOCRINE DISORDERS W/O CC/MCC,10911.98
652,KIDNEY TRANSPLANT,144546.76
653,MAJOR BLADDER PROCEDURES W MCC,115974.16
654,MAJOR BLADDER PROCEDURES W CC,56036.49
656,KIDNEY & URETER PROCEDURES FOR NEOPLASM W MCC,71210.24
657,KIDNEY & URETER PROCEDURES FOR NEOPLASM W CC,61427.01
658,KIDNEY & URETER PROCEDURES FOR NEOPLASM W/O CC/MCC,38468.6675
659,KIDNEY & URETER PROCEDURES FOR NON-NEOPLASM W MCC,40857.125
660,KIDNEY & URETER PROCEDURES FOR NON-NEOPLASM W CC,40607.555
661,KIDNEY & URETER PROCEDURES FOR NON-NEOPLASM W/O CC/MCC,0
668,TRANSURETHRAL PROCEDURES W MCC,39295.31
669,TRANSURETHRAL PROCEDURES W CC,21752.99
670,TRANSURETHRAL PROCEDURES W/O CC/MCC,28982.5
673,OTHER KIDNEY & URINARY TRACT PROCEDURES W MCC,95510.81143
674,OTHER KIDNEY & URINARY TRACT PROCEDURES W CC,37112.885
682,RENAL FAILURE W MCC,34585.84293
683,RENAL FAILURE W CC,18918.87533
684,RENAL FAILURE W/O CC/MCC,10515.68
686,KIDNEY & URINARY TRACT NEOPLASMS W MCC,48267.22667
687,KIDNEY & URINARY TRACT NEOPLASMS W CC,60594.85
688,KIDNEY & URINARY TRACT NEOPLASMS W/O CC/MCC,6541.28
689,KIDNEY & URINARY TRACT INFECTIONS W MCC,26402.20448
690,KIDNEY & URINARY TRACT INFECTIONS W/O MCC,19926.80356
693,URINARY STONES W/O ESW LITHOTRIPSY W MCC,21404.115
694,URINARY STONES W/O ESW LITHOTRIPSY W/O MCC,18164.115
695,KIDNEY & URINARY TRACT SIGNS & SYMPTOMS W MCC,20917.995
696,KIDNEY & URINARY TRACT SIGNS & SYMPTOMS W/O MCC,11449.326
698,OTHER KIDNEY & URINARY TRACT DIAGNOSES W MCC,32094.5675
699,OTHER KIDNEY & URINARY TRACT DIAGNOSES W CC,23378.3444
700,OTHER KIDNEY & URINARY TRACT DIAGNOSES W/O CC/MCC,2757.875
707,MAJOR MALE PELVIC PROCEDURES W CC/MCC,37188.77
708,MAJOR MALE PELVIC PROCEDURES W/O CC/MCC,34898.59929
722,"MALIGNANCY, MALE REPRODUCTIVE SYSTEM W MCC",269680.68
723,"MALIGNANCY, MALE REPRODUCTIVE SYSTEM W CC",39366.75
726,BENIGN PROSTATIC HYPERTROPHY W/O MCC,34302.21
727,INFLAMMATION OF THE MALE REPRODUCTIVE SYSTEM W MCC,15021.64667
728,INFLAMMATION OF THE MALE REPRODUCTIVE SYSTEM W/O MCC,25148.6625
734,"PELVIC EVISCERATION, RAD HYSTERECTOMY & RAD VULVECTOMY W CC/MCC",72746.79
736,UTERINE & ADNEXA PROC FOR OVARIAN OR ADNEXAL MALIGNANCY W MCC,88796.27
737,UTERINE & ADNEXA PROC FOR OVARIAN OR ADNEXAL MALIGNANCY W CC,37000.62
740,"UTERINE,ADNEXA PROC FOR NON-OVARIAN/ADNEXAL MALIG W CC",82365.97
741,"UTERINE,ADNEXA PROC FOR NON-OVARIAN/ADNEXAL MALIG W/O CC/MCC",34840.65
742,UTERINE & ADNEXA PROC FOR NON-MALIGNANCY W CC/MCC,45977.30667
743,UTERINE & ADNEXA PROC FOR NON-MALIGNANCY W/O CC/MCC,32201.085
747,"VAGINA, CERVIX & VULVA PROCEDURES W/O CC/MCC",25390
748,FEMALE REPRODUCTIVE SYSTEM RECONSTRUCTIVE PROCEDURES,22490.38
755,"MALIGNANCY, FEMALE REPRODUCTIVE SYSTEM W CC",22627.93
757,"INFECTIONS, FEMALE REPRODUCTIVE SYSTEM W MCC",28950.73
758,"INFECTIONS, FEMALE REPRODUCTIVE SYSTEM W CC",25924.69
760,MENSTRUAL & OTHER FEMALE REPRODUCTIVE SYSTEM DISORDERS W CC/MCC,17010.66
765,CESAREAN SECTION W CC/MCC,38098.2725
766,CESAREAN SECTION W/O CC/MCC,23079.6
767,VAGINAL DELIVERY W STERILIZATION &/OR D&C,17490.655
774,VAGINAL DELIVERY W COMPLICATING DIAGNOSES,11845.618
775,VAGINAL DELIVERY W/O COMPLICATING DIAGNOSES,12654.00333
776,POSTPARTUM & POST ABORTION DIAGNOSES W/O O.R. PROCEDURE,30276.45
781,OTHER ANTEPARTUM DIAGNOSES W MEDICAL COMPLICATIONS,17147.422
800,SPLENECTOMY W CC,51389.96
802,OTHER O.R. PROC OF THE BLOOD & BLOOD FORMING ORGANS W MCC,55665.26333
803,OTHER O.R. PROC OF THE BLOOD & BLOOD FORMING ORGANS W CC,38898.82
808,MAJOR HEMATOL/IMMUN DIAG EXC SICKLE CELL CRISIS & COAGUL W MCC,58988.2625
809,MAJOR HEMATOL/IMMUN DIAG EXC SICKLE CELL CRISIS & COAGUL W CC,32437.84833
811,RED BLOOD CELL DISORDERS W MCC,24677.75438
812,RED BLOOD CELL DISORDERS W/O MCC,17479.59627
813,COAGULATION DISORDERS,16898.5
814,RETICULOENDOTHELIAL & IMMUNITY DISORDERS W MCC,22666.41
821,LYMPHOMA & LEUKEMIA W MAJOR O.R. PROCEDURE W CC,58308.94
822,LYMPHOMA & LEUKEMIA W MAJOR O.R. PROCEDURE W/O CC/MCC,32943.07
823,LYMPHOMA & NON-ACUTE LEUKEMIA W OTHER PROC W MCC,46441.205
824,LYMPHOMA & NON-ACUTE LEUKEMIA W OTHER PROC W CC,32952.16
825,LYMPHOMA & NON-ACUTE LEUKEMIA W OTHER PROC W/O CC/MCC,25413.11
826,MYELOPROLIF DISORD OR POORLY DIFF NEOPL W MAJ O.R. PROC W MCC,152578.36
840,LYMPHOMA & NON-ACUTE LEUKEMIA W MCC,60849.61333
841,LYMPHOMA & NON-ACUTE LEUKEMIA W CC,49671.07
843,OTHER MYELOPROLIF DIS OR POORLY DIFF NEOPL DIAG W MCC,57304.725
844,OTHER MYELOPROLIF DIS OR POORLY DIFF NEOPL DIAG W CC,40795.685
846,CHEMOTHERAPY W/O ACUTE LEUKEMIA AS SECONDARY DIAGNOSIS W MCC,20029.52
847,CHEMOTHERAPY W/O ACUTE LEUKEMIA AS SECONDARY DIAGNOSIS W CC,22809.008
853,INFECTIOUS & PARASITIC DISEASES W O.R. PROCEDURE W MCC,121594.9082
854,INFECTIOUS & PARASITIC DISEASES W O.R. PROCEDURE W CC,56427.2
856,POSTOPERATIVE OR POST-TRAUMATIC INFECTIONS W O.R. PROC W MCC,67620.13333
857,POSTOPERATIVE OR POST-TRAUMATIC INFECTIONS W O.R. PROC W CC,40000.718
862,POSTOPERATIVE & POST-TRAUMATIC INFECTIONS W MCC,31787.999
863,POSTOPERATIVE & POST-TRAUMATIC INFECTIONS W/O MCC,22715.18
864,FEVER,20377.42889
865,VIRAL ILLNESS W MCC,16064.55
866,VIRAL ILLNESS W/O MCC,18486.055
867,OTHER INFECTIOUS & PARASITIC DISEASES DIAGNOSES W MCC,17070.91
870,SEPTICEMIA OR SEVERE SEPSIS W MV >96 HOURS,111069.6881
871,SEPTICEMIA OR SEVERE SEPSIS W/O MV >96 HOURS W MCC,50216.93691
872,SEPTICEMIA OR SEVERE SEPSIS W/O MV >96 HOURS W/O MCC,24148.91478
876,O.R. PROCEDURE W PRINCIPAL DIAGNOSES OF MENTAL ILLNESS,42633.15333
880,ACUTE ADJUSTMENT REACTION & PSYCHOSOCIAL DYSFUNCTION,22194.13385
881,DEPRESSIVE NEUROSES,15724.96
882,NEUROSES EXCEPT DEPRESSIVE,9983.78
884,ORGANIC DISTURBANCES & INTELLECTUAL DISABILITY,34509.40765
885,PSYCHOSES,96572.85556
887,OTHER MENTAL DISORDER DIAGNOSES,25488.03
894,"ALCOHOL/DRUG ABUSE OR DEPENDENCE, LEFT AMA",31459.94111
896,ALCOHOL/DRUG ABUSE OR DEPENDENCE W/O REHABILITATION THERAPY W MCC,49002.02333
897,ALCOHOL/DRUG ABUSE OR DEPENDENCE W/O REHABILITATION THERAPY W/O MCC,20831.3794
901,WOUND DEBRIDEMENTS FOR INJURIES W MCC,35482.3
902,WOUND DEBRIDEMENTS FOR INJURIES W CC,65990.63333
904,SKIN GRAFTS FOR INJURIES W CC/MCC,56301.67
907,OTHER O.R. PROCEDURES FOR INJURIES W MCC,97871.53889
908,OTHER O.R. PROCEDURES FOR INJURIES W CC,40733.26167
909,OTHER O.R. PROCEDURES FOR INJURIES W/O CC/MCC,72089.54
915,ALLERGIC REACTIONS W MCC,34984.28143
916,ALLERGIC REACTIONS W/O MCC,19264.4575
917,POISONING & TOXIC EFFECTS OF DRUGS W MCC,48991.04923
918,POISONING & TOXIC EFFECTS OF DRUGS W/O MCC,21446.22056
919,COMPLICATIONS OF TREATMENT W MCC,31203.93
920,COMPLICATIONS OF TREATMENT W CC,12882.695
921,COMPLICATIONS OF TREATMENT W/O CC/MCC,23952.99
922,"OTHER INJURY, POISONING & TOXIC EFFECT DIAG W MCC",41684.655
923,"OTHER INJURY, POISONING & TOXIC EFFECT DIAG W/O MCC",17058.61333
939,O.R. PROC W DIAGNOSES OF OTHER CONTACT W HEALTH SERVICES W MCC,67027.09
941,O.R. PROC W DIAGNOSES OF OTHER CONTACT W HEALTH SERVICES W/O CC/MCC,26502.92
947,SIGNS & SYMPTOMS W MCC,16468.4
948,SIGNS & SYMPTOMS W/O MCC,27095.13667
949,AFTERCARE W CC/MCC,13631.41
955,CRANIOTOMY FOR MULTIPLE SIGNIFICANT TRAUMA,178836.87
956,"LIMB REATTACHMENT, HIP & FEMUR PROC FOR MULTIPLE SIGNIFICANT TRAUMA",214789.16
957,OTHER O.R. PROCEDURES FOR MULTIPLE SIGNIFICANT TRAUMA W MCC,108165.235
958,OTHER O.R. PROCEDURES FOR MULTIPLE SIGNIFICANT TRAUMA W CC,122325.37
963,OTHER MULTIPLE SIGNIFICANT TRAUMA W MCC,54293.04
964,OTHER MULTIPLE SIGNIFICANT TRAUMA W CC,39174.7
969,HIV W EXTENSIVE O.R. PROCEDURE W MCC,26443.74
974,HIV W MAJOR RELATED CONDITION W MCC,51928.25
975,HIV W MAJOR RELATED CONDITION W CC,38235.34333
977,HIV W OR W/O OTHER RELATED CONDITION,37450.605
981,EXTENSIVE O.R. PROCEDURE UNRELATED TO PRINCIPAL DIAGNOSIS W MCC,102698.6258
982,EXTENSIVE O.R. PROCEDURE UNRELATED TO PRINCIPAL DIAGNOSIS W CC,36047.48333
983,EXTENSIVE O.R. PROCEDURE UNRELATED TO PRINCIPAL DIAGNOSIS W/O CC/MCC,56013.8
987,NON-EXTENSIVE O.R. PROC UNRELATED TO PRINCIPAL DIAGNOSIS W MCC,75560.86636
988,NON-EXTENSIVE O.R. PROC UNRELATED TO PRINCIPAL DIAGNOSIS W CC,28537.42
Grand Total,#N/A,45147.30746
,,
Updated 12/2018,,
